customer_id,first_name,last_name,email,active,address,district,postal_code,city,country,create_date,last_update
1,MARY,SMITH,MARY.SMITH@sakilacustomer.org,1,1913 Hanoi Way,Nagasaki,35200,Sasebo,Japan,2006-02-14T22:04:36.000Z,2006-02-15T04:57:20.000Z
2,PATRICIA,JOHNSON,PATRICIA.JOHNSON@sakilacustomer.org,1,1121 Loja Avenue,California,17886,San Bernardino,United States,2006-02-14T22:04:36.000Z,2006-02-15T04:57:20.000Z
3,LINDA,WILLIAMS,LINDA.WILLIAMS@sakilacustomer.org,1,692 Joliet Street,Attika,83579,Athenai,Greece,2006-02-14T22:04:36.000Z,2006-02-15T04:57:20.000Z
4,BARBARA,JONES,BARBARA.JONES@sakilacustomer.org,1,1566 Inegöl Manor,Mandalay,53561,Myingyan,Myanmar,2006-02-14T22:04:36.000Z,2006-02-15T04:57:20.000Z
5,ELIZABETH,BROWN,ELIZABETH.BROWN@sakilacustomer.org,1,53 Idfu Parkway,Nantou,42399,Nantou,Taiwan,2006-02-14T22:04:36.000Z,2006-02-15T04:57:20.000Z
6,JENNIFER,DAVIS,JENNIFER.DAVIS@sakilacustomer.org,1,1795 Santiago de Compostela Way,Texas,18743,Laredo,United States,2006-02-14T22:04:36.000Z,2006-02-15T04:57:20.000Z
7,MARIA,MILLER,MARIA.MILLER@sakilacustomer.org,1,900 Santiago de Compostela Parkway,Central Serbia,93896,Kragujevac,Yugoslavia,2006-02-14T22:04:36.000Z,2006-02-15T04:57:20.000Z
8,SUSAN,WILSON,SUSAN.WILSON@sakilacustomer.org,1,478 Joliet Way,Hamilton,77948,Hamilton,New Zealand,2006-02-14T22:04:36.000Z,2006-02-15T04:57:20.000Z
9,MARGARET,MOORE,MARGARET.MOORE@sakilacustomer.org,1,613 Korolev Drive,Masqat,45844,Masqat,Oman,2006-02-14T22:04:36.000Z,2006-02-15T04:57:20.000Z
10,DOROTHY,TAYLOR,DOROTHY.TAYLOR@sakilacustomer.org,1,1531 Salé Drive,Esfahan,53628,Esfahan,Iran,2006-02-14T22:04:36.000Z,2006-02-15T04:57:20.000Z
11,LISA,ANDERSON,LISA.ANDERSON@sakilacustomer.org,1,1542 Tarlac Parkway,Kanagawa,1027,Sagamihara,Japan,2006-02-14T22:04:36.000Z,2006-02-15T04:57:20.000Z
12,NANCY,THOMAS,NANCY.THOMAS@sakilacustomer.org,1,808 Bhopal Manor,Haryana,10672,Yamuna Nagar,India,2006-02-14T22:04:36.000Z,2006-02-15T04:57:20.000Z
13,KAREN,JACKSON,KAREN.JACKSON@sakilacustomer.org,1,270 Amroha Parkway,Osmaniye,29610,Osmaniye,Turkey,2006-02-14T22:04:36.000Z,2006-02-15T04:57:20.000Z
14,BETTY,WHITE,BETTY.WHITE@sakilacustomer.org,1,770 Bydgoszcz Avenue,California,16266,Citrus Heights,United States,2006-02-14T22:04:36.000Z,2006-02-15T04:57:20.000Z
15,HELEN,HARRIS,HELEN.HARRIS@sakilacustomer.org,1,419 Iligan Lane,Madhya Pradesh,72878,Bhopal,India,2006-02-14T22:04:36.000Z,2006-02-15T04:57:20.000Z
16,SANDRA,MARTIN,SANDRA.MARTIN@sakilacustomer.org,0,360 Toulouse Parkway,England,54308,Southend-on-Sea,United Kingdom,2006-02-14T22:04:36.000Z,2006-02-15T04:57:20.000Z
17,DONNA,THOMPSON,DONNA.THOMPSON@sakilacustomer.org,1,270 Toulon Boulevard,Kalmykia,81766,Elista,Russian Federation,2006-02-14T22:04:36.000Z,2006-02-15T04:57:20.000Z
18,CAROL,GARCIA,CAROL.GARCIA@sakilacustomer.org,1,320 Brest Avenue,Kaduna,43331,Kaduna,Nigeria,2006-02-14T22:04:36.000Z,2006-02-15T04:57:20.000Z
19,RUTH,MARTINEZ,RUTH.MARTINEZ@sakilacustomer.org,1,1417 Lancaster Avenue,Northern Cape,72192,Kimberley,South Africa,2006-02-14T22:04:36.000Z,2006-02-15T04:57:20.000Z
20,SHARON,ROBINSON,SHARON.ROBINSON@sakilacustomer.org,1,1688 Okara Way,Nothwest Border Prov,21954,Mardan,Pakistan,2006-02-14T22:04:36.000Z,2006-02-15T04:57:20.000Z
21,MICHELLE,CLARK,MICHELLE.CLARK@sakilacustomer.org,1,262 A Coruña (La Coruña) Parkway,Dhaka,34418,Tangail,Bangladesh,2006-02-14T22:04:36.000Z,2006-02-15T04:57:20.000Z
22,LAURA,RODRIGUEZ,LAURA.RODRIGUEZ@sakilacustomer.org,1,28 Charlotte Amalie Street,Rabat-Sal-Zammour-Z,37551,Salé,Morocco,2006-02-14T22:04:36.000Z,2006-02-15T04:57:20.000Z
23,SARAH,LEWIS,SARAH.LEWIS@sakilacustomer.org,1,1780 Hino Boulevard,Liepaja,7716,Liepaja,Latvia,2006-02-14T22:04:36.000Z,2006-02-15T04:57:20.000Z
24,KIMBERLY,LEE,KIMBERLY.LEE@sakilacustomer.org,1,96 Tafuna Way,Córdoba,99865,Córdoba,Argentina,2006-02-14T22:04:36.000Z,2006-02-15T04:57:20.000Z
25,DEBORAH,WALKER,DEBORAH.WALKER@sakilacustomer.org,1,934 San Felipe de Puerto Plata Street,Sind,99780,Shikarpur,Pakistan,2006-02-14T22:04:36.000Z,2006-02-15T04:57:20.000Z
26,JESSICA,HALL,JESSICA.HALL@sakilacustomer.org,1,18 Duisburg Boulevard,"",58327,Città del Vaticano,Holy See (Vatican City State),2006-02-14T22:04:36.000Z,2006-02-15T04:57:20.000Z
27,SHIRLEY,ALLEN,SHIRLEY.ALLEN@sakilacustomer.org,1,217 Botshabelo Place,Southern Mindanao,49521,Davao,Philippines,2006-02-14T22:04:36.000Z,2006-02-15T04:57:20.000Z
28,CYNTHIA,YOUNG,CYNTHIA.YOUNG@sakilacustomer.org,1,1425 Shikarpur Manor,Bihar,65599,Munger (Monghyr),India,2006-02-14T22:04:36.000Z,2006-02-15T04:57:20.000Z
29,ANGELA,HERNANDEZ,ANGELA.HERNANDEZ@sakilacustomer.org,1,786 Aurora Avenue,Yamaguchi,65750,Shimonoseki,Japan,2006-02-14T22:04:36.000Z,2006-02-15T04:57:20.000Z
30,MELISSA,KING,MELISSA.KING@sakilacustomer.org,1,1668 Anápolis Street,Taipei,50199,Lungtan,Taiwan,2006-02-14T22:04:36.000Z,2006-02-15T04:57:20.000Z
31,BRENDA,WRIGHT,BRENDA.WRIGHT@sakilacustomer.org,1,33 Gorontalo Way,West Bengali,30348,Kamarhati,India,2006-02-14T22:04:36.000Z,2006-02-15T04:57:20.000Z
32,AMY,LOPEZ,AMY.LOPEZ@sakilacustomer.org,1,176 Mandaluyong Place,Uttar Pradesh,65213,Jhansi,India,2006-02-14T22:04:36.000Z,2006-02-15T04:57:20.000Z
33,ANNA,HILL,ANNA.HILL@sakilacustomer.org,1,127 Purnea (Purnia) Manor,Piemonte,79388,Alessandria,Italy,2006-02-14T22:04:36.000Z,2006-02-15T04:57:20.000Z
34,REBECCA,SCOTT,REBECCA.SCOTT@sakilacustomer.org,1,61 Tama Street,Okayama,94065,Kurashiki,Japan,2006-02-14T22:04:36.000Z,2006-02-15T04:57:20.000Z
35,VIRGINIA,GREEN,VIRGINIA.GREEN@sakilacustomer.org,1,391 Callao Drive,Midi-Pyrnes,34021,Toulouse,France,2006-02-14T22:04:36.000Z,2006-02-15T04:57:20.000Z
36,KATHLEEN,ADAMS,KATHLEEN.ADAMS@sakilacustomer.org,1,334 Munger (Monghyr) Lane,Markazi,38145,Arak,Iran,2006-02-14T22:04:36.000Z,2006-02-15T04:57:20.000Z
37,PAMELA,BAKER,PAMELA.BAKER@sakilacustomer.org,1,1440 Fukuyama Loop,Henan,47929,Nanyang,China,2006-02-14T22:04:36.000Z,2006-02-15T04:57:20.000Z
38,MARTHA,GONZALEZ,MARTHA.GONZALEZ@sakilacustomer.org,1,269 Cam Ranh Parkway,Chisinau,34689,Chisinau,Moldova,2006-02-14T22:04:36.000Z,2006-02-15T04:57:20.000Z
39,DEBRA,NELSON,DEBRA.NELSON@sakilacustomer.org,1,306 Antofagasta Place,Esprito Santo,3989,Vila Velha,Brazil,2006-02-14T22:04:36.000Z,2006-02-15T04:57:20.000Z
40,AMANDA,CARTER,AMANDA.CARTER@sakilacustomer.org,1,671 Graz Street,Oriental,94399,Nador,Morocco,2006-02-14T22:04:36.000Z,2006-02-15T04:57:20.000Z
41,STEPHANIE,MITCHELL,STEPHANIE.MITCHELL@sakilacustomer.org,1,42 Brindisi Place,Yerevan,16744,Yerevan,Armenia,2006-02-14T22:04:36.000Z,2006-02-15T04:57:20.000Z
42,CAROLYN,PEREZ,CAROLYN.PEREZ@sakilacustomer.org,1,1632 Bislig Avenue,Nonthaburi,61117,Pak Kret,Thailand,2006-02-14T22:04:36.000Z,2006-02-15T04:57:20.000Z
43,CHRISTINE,ROBERTS,CHRISTINE.ROBERTS@sakilacustomer.org,1,1447 Imus Way,Tahiti,48942,Faaa,French Polynesia,2006-02-14T22:04:36.000Z,2006-02-15T04:57:20.000Z
44,MARIE,TURNER,MARIE.TURNER@sakilacustomer.org,1,1998 Halifax Drive,Lipetsk,76022,Lipetsk,Russian Federation,2006-02-14T22:04:36.000Z,2006-02-15T04:57:20.000Z
45,JANET,PHILLIPS,JANET.PHILLIPS@sakilacustomer.org,1,1718 Valencia Street,Antofagasta,37359,Antofagasta,Chile,2006-02-14T22:04:36.000Z,2006-02-15T04:57:20.000Z
46,CATHERINE,CAMPBELL,CATHERINE.CAMPBELL@sakilacustomer.org,1,46 Pjatigorsk Lane,Moscow (City),23616,Moscow,Russian Federation,2006-02-14T22:04:36.000Z,2006-02-15T04:57:20.000Z
47,FRANCES,PARKER,FRANCES.PARKER@sakilacustomer.org,1,686 Garland Manor,Cear,52535,Juazeiro do Norte,Brazil,2006-02-14T22:04:36.000Z,2006-02-15T04:57:20.000Z
48,ANN,EVANS,ANN.EVANS@sakilacustomer.org,1,909 Garland Manor,Tatarstan,69367,Niznekamsk,Russian Federation,2006-02-14T22:04:36.000Z,2006-02-15T04:57:20.000Z
49,JOYCE,EDWARDS,JOYCE.EDWARDS@sakilacustomer.org,1,725 Isesaki Place,Mekka,74428,Jedda,Saudi Arabia,2006-02-14T22:04:36.000Z,2006-02-15T04:57:20.000Z
50,DIANE,COLLINS,DIANE.COLLINS@sakilacustomer.org,1,115 Hidalgo Parkway,Khartum,80168,Omdurman,Sudan,2006-02-14T22:04:36.000Z,2006-02-15T04:57:20.000Z
51,ALICE,STEWART,ALICE.STEWART@sakilacustomer.org,1,1135 Izumisano Parkway,California,48150,Fontana,United States,2006-02-14T22:04:36.000Z,2006-02-15T04:57:20.000Z
52,JULIE,SANCHEZ,JULIE.SANCHEZ@sakilacustomer.org,1,939 Probolinggo Loop,Galicia,4166,A Coruña (La Coruña),Spain,2006-02-14T22:04:36.000Z,2006-02-15T04:57:20.000Z
53,HEATHER,MORRIS,HEATHER.MORRIS@sakilacustomer.org,1,17 Kabul Boulevard,Chiba,38594,Nagareyama,Japan,2006-02-14T22:04:36.000Z,2006-02-15T04:57:20.000Z
54,TERESA,ROGERS,TERESA.ROGERS@sakilacustomer.org,1,1964 Allappuzha (Alleppey) Street,Yamaguchi,48980,Iwakuni,Japan,2006-02-14T22:04:36.000Z,2006-02-15T04:57:20.000Z
55,DORIS,REED,DORIS.REED@sakilacustomer.org,1,1697 Kowloon and New Kowloon Loop,Moskova,57807,Balašiha,Russian Federation,2006-02-14T22:04:36.000Z,2006-02-15T04:57:20.000Z
56,GLORIA,COOK,GLORIA.COOK@sakilacustomer.org,1,1668 Saint Louis Place,Tahiti,39072,Papeete,French Polynesia,2006-02-14T22:04:36.000Z,2006-02-15T04:57:20.000Z
57,EVELYN,MORGAN,EVELYN.MORGAN@sakilacustomer.org,1,943 Tokat Street,Vaduz,45428,Vaduz,Liechtenstein,2006-02-14T22:04:36.000Z,2006-02-15T04:57:20.000Z
58,JEAN,BELL,JEAN.BELL@sakilacustomer.org,1,1114 Liepaja Street,Sarawak,69226,Kuching,Malaysia,2006-02-14T22:04:36.000Z,2006-02-15T04:57:20.000Z
59,CHERYL,MURPHY,CHERYL.MURPHY@sakilacustomer.org,1,1213 Ranchi Parkway,Karnataka,94352,Mysore,India,2006-02-14T22:04:36.000Z,2006-02-15T04:57:20.000Z
60,MILDRED,BAILEY,MILDRED.BAILEY@sakilacustomer.org,1,81 Hodeida Way,Rajasthan,55561,Jaipur,India,2006-02-14T22:04:36.000Z,2006-02-15T04:57:20.000Z
61,KATHERINE,RIVERA,KATHERINE.RIVERA@sakilacustomer.org,1,915 Ponce Place,Basel-Stadt,83980,Basel,Switzerland,2006-02-14T22:04:36.000Z,2006-02-15T04:57:20.000Z
62,JOAN,COOPER,JOAN.COOPER@sakilacustomer.org,1,1717 Guadalajara Lane,Missouri,85505,Saint Louis,United States,2006-02-14T22:04:36.000Z,2006-02-15T04:57:20.000Z
63,ASHLEY,RICHARDSON,ASHLEY.RICHARDSON@sakilacustomer.org,1,1214 Hanoi Way,Nebraska,67055,Lincoln,United States,2006-02-14T22:04:36.000Z,2006-02-15T04:57:20.000Z
64,JUDITH,COX,JUDITH.COX@sakilacustomer.org,0,1966 Amroha Avenue,Sichuan,70385,Daxian,China,2006-02-14T22:04:36.000Z,2006-02-15T04:57:20.000Z
65,ROSE,HOWARD,ROSE.HOWARD@sakilacustomer.org,1,698 Otsu Street,Cayenne,71110,Cayenne,French Guiana,2006-02-14T22:04:36.000Z,2006-02-15T04:57:20.000Z
66,JANICE,WARD,JANICE.WARD@sakilacustomer.org,1,1150 Kimchon Manor,Skne ln,96109,Malmö,Sweden,2006-02-14T22:04:36.000Z,2006-02-15T04:57:20.000Z
67,KELLY,TORRES,KELLY.TORRES@sakilacustomer.org,1,1586 Guarujá Place,Hunan,5135,Xi´angtan,China,2006-02-14T22:04:36.000Z,2006-02-15T04:57:20.000Z
68,NICOLE,PETERSON,NICOLE.PETERSON@sakilacustomer.org,1,57 Arlington Manor,Madhya Pradesh,48960,Shivapuri,India,2006-02-14T22:04:36.000Z,2006-02-15T04:57:20.000Z
69,JUDY,GRAY,JUDY.GRAY@sakilacustomer.org,1,1031 Daugavpils Parkway,Béchar,59025,Béchar,Algeria,2006-02-14T22:04:36.000Z,2006-02-15T04:57:20.000Z
70,CHRISTINA,RAMIREZ,CHRISTINA.RAMIREZ@sakilacustomer.org,1,1124 Buenaventura Drive,Mekka,6856,al-Hawiya,Saudi Arabia,2006-02-14T22:04:36.000Z,2006-02-15T04:57:20.000Z
71,KATHY,JAMES,KATHY.JAMES@sakilacustomer.org,1,492 Cam Ranh Street,Eastern Visayas,50805,Baybay,Philippines,2006-02-14T22:04:36.000Z,2006-02-15T04:57:20.000Z
72,THERESA,WATSON,THERESA.WATSON@sakilacustomer.org,1,89 Allappuzha (Alleppey) Manor,National Capital Reg,75444,Taguig,Philippines,2006-02-14T22:04:36.000Z,2006-02-15T04:57:20.000Z
73,BEVERLY,BROOKS,BEVERLY.BROOKS@sakilacustomer.org,1,1947 Poços de Caldas Boulevard,Chiayi,60951,Chiayi,Taiwan,2006-02-14T22:04:36.000Z,2006-02-15T04:57:20.000Z
74,DENISE,KELLY,DENISE.KELLY@sakilacustomer.org,1,1206 Dos Quebradas Place,São Paulo,20207,Rio Claro,Brazil,2006-02-14T22:04:36.000Z,2006-02-15T04:57:20.000Z
75,TAMMY,SANDERS,TAMMY.SANDERS@sakilacustomer.org,1,1551 Rampur Lane,Changhwa,72394,Changhwa,Taiwan,2006-02-14T22:04:36.000Z,2006-02-15T04:57:20.000Z
76,IRENE,PRICE,IRENE.PRICE@sakilacustomer.org,1,602 Paarl Street,Pavlodar,98889,Pavlodar,Kazakstan,2006-02-14T22:04:36.000Z,2006-02-15T04:57:20.000Z
77,JANE,BENNETT,JANE.BENNETT@sakilacustomer.org,1,1692 Ede Loop,São Paulo,9223,Araçatuba,Brazil,2006-02-14T22:04:36.000Z,2006-02-15T04:57:20.000Z
78,LORI,WOOD,LORI.WOOD@sakilacustomer.org,1,936 Salzburg Lane,Uttar Pradesh,96709,Rae Bareli,India,2006-02-14T22:04:36.000Z,2006-02-15T04:57:20.000Z
79,RACHEL,BARNES,RACHEL.BARNES@sakilacustomer.org,1,586 Tete Way,Kanagawa,1079,Kamakura,Japan,2006-02-14T22:04:36.000Z,2006-02-15T04:57:20.000Z
80,MARILYN,ROSS,MARILYN.ROSS@sakilacustomer.org,1,1888 Kabul Drive,Oyo & Osun,20936,Ife,Nigeria,2006-02-14T22:04:36.000Z,2006-02-15T04:57:20.000Z
81,ANDREA,HENDERSON,ANDREA.HENDERSON@sakilacustomer.org,1,320 Baiyin Parkway,Mahajanga,37307,Mahajanga,Madagascar,2006-02-14T22:04:36.000Z,2006-02-15T04:57:20.000Z
82,KATHRYN,COLEMAN,KATHRYN.COLEMAN@sakilacustomer.org,1,927 Bahía Blanca Parkway,Krim,9495,Simferopol,Ukraine,2006-02-14T22:04:36.000Z,2006-02-15T04:57:20.000Z
83,LOUISE,JENKINS,LOUISE.JENKINS@sakilacustomer.org,1,929 Tallahassee Loop,Gauteng,74671,Springs,South Africa,2006-02-14T22:04:36.000Z,2006-02-15T04:57:20.000Z
84,SARA,PERRY,SARA.PERRY@sakilacustomer.org,1,125 Città del Vaticano Boulevard,Puebla,67912,Atlixco,Mexico,2006-02-14T22:04:36.000Z,2006-02-15T04:57:20.000Z
85,ANNE,POWELL,ANNE.POWELL@sakilacustomer.org,1,1557 Kütahya Boulevard,England,88002,Bradford,United Kingdom,2006-02-14T22:04:36.000Z,2006-02-15T04:57:20.000Z
86,JACQUELINE,LONG,JACQUELINE.LONG@sakilacustomer.org,1,870 Ashqelon Loop,Songkhla,84931,Songkhla,Thailand,2006-02-14T22:04:36.000Z,2006-02-15T04:57:20.000Z
87,WANDA,PATTERSON,WANDA.PATTERSON@sakilacustomer.org,1,1740 Portoviejo Avenue,Sucre,29932,Sincelejo,Colombia,2006-02-14T22:04:36.000Z,2006-02-15T04:57:20.000Z
88,BONNIE,HUGHES,BONNIE.HUGHES@sakilacustomer.org,1,1942 Ciparay Parkway,Cheju,82624,Cheju,South Korea,2006-02-14T22:04:36.000Z,2006-02-15T04:57:20.000Z
89,JULIA,FLORES,JULIA.FLORES@sakilacustomer.org,1,1926 El Alto Avenue,Buenos Aires,75543,La Plata,Argentina,2006-02-14T22:04:36.000Z,2006-02-15T04:57:20.000Z
90,RUBY,WASHINGTON,RUBY.WASHINGTON@sakilacustomer.org,1,1952 Chatsworth Drive,Guangdong,25958,Meixian,China,2006-02-14T22:04:36.000Z,2006-02-15T04:57:20.000Z
91,LOIS,BUTLER,LOIS.BUTLER@sakilacustomer.org,1,1370 Le Mans Avenue,Brunei and Muara,52163,Bandar Seri Begawan,Brunei,2006-02-14T22:04:36.000Z,2006-02-15T04:57:20.000Z
92,TINA,SIMMONS,TINA.SIMMONS@sakilacustomer.org,1,984 Effon-Alaiye Avenue,Gois,17119,Goiânia,Brazil,2006-02-14T22:04:36.000Z,2006-02-15T04:57:20.000Z
93,PHYLLIS,FOSTER,PHYLLIS.FOSTER@sakilacustomer.org,1,832 Nakhon Sawan Manor,Inner Mongolia,49021,Zalantun,China,2006-02-14T22:04:36.000Z,2006-02-15T04:57:20.000Z
94,NORMA,GONZALES,NORMA.GONZALES@sakilacustomer.org,1,152 Kitwe Parkway,Caraga,53182,Bislig,Philippines,2006-02-14T22:04:36.000Z,2006-02-15T04:57:20.000Z
95,PAULA,BRYANT,PAULA.BRYANT@sakilacustomer.org,1,1697 Tanauan Lane,Punjab,22870,Pathankot,India,2006-02-14T22:04:36.000Z,2006-02-15T04:57:20.000Z
96,DIANA,ALEXANDER,DIANA.ALEXANDER@sakilacustomer.org,1,1308 Arecibo Way,Georgia,30695,Augusta-Richmond County,United States,2006-02-14T22:04:36.000Z,2006-02-15T04:57:20.000Z
97,ANNIE,RUSSELL,ANNIE.RUSSELL@sakilacustomer.org,1,1599 Plock Drive,Tete,71986,Tete,Mozambique,2006-02-14T22:04:36.000Z,2006-02-15T04:57:20.000Z
98,LILLIAN,GRIFFIN,LILLIAN.GRIFFIN@sakilacustomer.org,1,669 Firozabad Loop,Abu Dhabi,92265,al-Ayn,United Arab Emirates,2006-02-14T22:04:36.000Z,2006-02-15T04:57:20.000Z
99,EMILY,DIAZ,EMILY.DIAZ@sakilacustomer.org,1,588 Vila Velha Manor,Kyongsangbuk,51540,Kimchon,South Korea,2006-02-14T22:04:36.000Z,2006-02-15T04:57:20.000Z
100,ROBIN,HAYES,ROBIN.HAYES@sakilacustomer.org,1,1913 Kamakura Place,Lipetsk,97287,Jelets,Russian Federation,2006-02-14T22:04:36.000Z,2006-02-15T04:57:20.000Z
101,PEGGY,MYERS,PEGGY.MYERS@sakilacustomer.org,1,733 Mandaluyong Place,Asir,77459,Abha,Saudi Arabia,2006-02-14T22:04:36.000Z,2006-02-15T04:57:20.000Z
102,CRYSTAL,FORD,CRYSTAL.FORD@sakilacustomer.org,1,659 Vaduz Drive,Ha Darom,49708,Ashdod,Israel,2006-02-14T22:04:36.000Z,2006-02-15T04:57:20.000Z
103,GLADYS,HAMILTON,GLADYS.HAMILTON@sakilacustomer.org,1,1177 Jelets Way,Kwara & Kogi,3305,Ilorin,Nigeria,2006-02-14T22:04:36.000Z,2006-02-15T04:57:20.000Z
104,RITA,GRAHAM,RITA.GRAHAM@sakilacustomer.org,1,1386 Yangor Avenue,Provence-Alpes-Cte,80720,Toulon,France,2006-02-14T22:04:36.000Z,2006-02-15T04:57:20.000Z
105,DAWN,SULLIVAN,DAWN.SULLIVAN@sakilacustomer.org,1,454 Nakhon Sawan Boulevard,Funafuti,76383,Funafuti,Tuvalu,2006-02-14T22:04:36.000Z,2006-02-15T04:57:20.000Z
106,CONNIE,WALLACE,CONNIE.WALLACE@sakilacustomer.org,1,1867 San Juan Bautista Tuxtepec Avenue,Ivanovo,78311,Ivanovo,Russian Federation,2006-02-14T22:04:36.000Z,2006-02-15T04:57:20.000Z
107,FLORENCE,WOODS,FLORENCE.WOODS@sakilacustomer.org,1,1532 Dzerzinsk Way,Buenos Aires,9599,Merlo,Argentina,2006-02-14T22:04:36.000Z,2006-02-15T04:57:20.000Z
108,TRACY,COLE,TRACY.COLE@sakilacustomer.org,1,1002 Ahmadnagar Manor,Mxico,93026,Huixquilucan,Mexico,2006-02-14T22:04:36.000Z,2006-02-15T04:57:20.000Z
109,EDNA,WEST,EDNA.WEST@sakilacustomer.org,1,682 Junan Way,North West,30418,Klerksdorp,South Africa,2006-02-14T22:04:36.000Z,2006-02-15T04:57:20.000Z
110,TIFFANY,JORDAN,TIFFANY.JORDAN@sakilacustomer.org,1,804 Elista Drive,Hubei,61069,Enshi,China,2006-02-14T22:04:36.000Z,2006-02-15T04:57:20.000Z
111,CARMEN,OWENS,CARMEN.OWENS@sakilacustomer.org,1,1378 Alvorada Avenue,Distrito Federal,75834,Caracas,Venezuela,2006-02-14T22:04:36.000Z,2006-02-15T04:57:20.000Z
112,ROSA,REYNOLDS,ROSA.REYNOLDS@sakilacustomer.org,1,793 Cam Ranh Avenue,California,87057,Lancaster,United States,2006-02-14T22:04:36.000Z,2006-02-15T04:57:20.000Z
113,CINDY,FISHER,CINDY.FISHER@sakilacustomer.org,1,1079 Tel Aviv-Jaffa Boulevard,Sucre,10885,Cumaná,Venezuela,2006-02-14T22:04:36.000Z,2006-02-15T04:57:20.000Z
114,GRACE,ELLIS,GRACE.ELLIS@sakilacustomer.org,1,442 Rae Bareli Place,Nordrhein-Westfalen,24321,Duisburg,Germany,2006-02-14T22:04:36.000Z,2006-02-15T04:57:20.000Z
115,WENDY,HARRISON,WENDY.HARRISON@sakilacustomer.org,1,1107 Nakhon Sawan Avenue,Mxico,75149,Nezahualcóyotl,Mexico,2006-02-14T22:04:36.000Z,2006-02-15T04:57:20.000Z
116,VICTORIA,GIBSON,VICTORIA.GIBSON@sakilacustomer.org,1,544 Malmö Parkway,Central Java,63502,Pemalang,Indonesia,2006-02-14T22:04:36.000Z,2006-02-15T04:57:20.000Z
117,EDITH,MCDONALD,EDITH.MCDONALD@sakilacustomer.org,1,1967 Sincelejo Place,Gujarat,73644,Gandhinagar,India,2006-02-14T22:04:36.000Z,2006-02-15T04:57:20.000Z
118,KIM,CRUZ,KIM.CRUZ@sakilacustomer.org,1,333 Goiânia Way,Texas,78625,Grand Prairie,United States,2006-02-14T22:04:36.000Z,2006-02-15T04:57:20.000Z
119,SHERRY,MARSHALL,SHERRY.MARSHALL@sakilacustomer.org,1,1987 Coacalco de Berriozábal Loop,al-Qalyubiya,96065,Shubra al-Khayma,Egypt,2006-02-14T22:04:36.000Z,2006-02-15T04:57:20.000Z
120,SYLVIA,ORTIZ,SYLVIA.ORTIZ@sakilacustomer.org,1,241 Mosul Lane,Risaralda,76157,Dos Quebradas,Colombia,2006-02-14T22:04:36.000Z,2006-02-15T04:57:20.000Z
121,JOSEPHINE,GOMEZ,JOSEPHINE.GOMEZ@sakilacustomer.org,1,211 Chiayi Drive,Uttar Pradesh,58186,Etawah,India,2006-02-14T22:04:36.000Z,2006-02-15T04:57:20.000Z
122,THELMA,MURRAY,THELMA.MURRAY@sakilacustomer.org,1,1175 Tanauan Way,Lima,64615,Lima,Peru,2006-02-14T22:04:36.000Z,2006-02-15T04:57:20.000Z
123,SHANNON,FREEMAN,SHANNON.FREEMAN@sakilacustomer.org,1,117 Boa Vista Way,Uttar Pradesh,6804,Varanasi (Benares),India,2006-02-14T22:04:36.000Z,2006-02-15T04:57:20.000Z
124,SHEILA,WELLS,SHEILA.WELLS@sakilacustomer.org,0,848 Tafuna Manor,Kütahya,45142,Kütahya,Turkey,2006-02-14T22:04:36.000Z,2006-02-15T04:57:20.000Z
125,ETHEL,WEBB,ETHEL.WEBB@sakilacustomer.org,1,569 Baicheng Lane,Gauteng,60304,Boksburg,South Africa,2006-02-14T22:04:36.000Z,2006-02-15T04:57:20.000Z
126,ELLEN,SIMPSON,ELLEN.SIMPSON@sakilacustomer.org,1,1666 Qomsheh Drive,São Paulo,66255,Poá,Brazil,2006-02-14T22:04:36.000Z,2006-02-15T04:57:20.000Z
127,ELAINE,STEVENS,ELAINE.STEVENS@sakilacustomer.org,1,801 Hagonoy Drive,Smolensk,8439,Smolensk,Russian Federation,2006-02-14T22:04:36.000Z,2006-02-15T04:57:20.000Z
128,MARJORIE,TUCKER,MARJORIE.TUCKER@sakilacustomer.org,1,1050 Garden Grove Avenue,Slaskie,4999,Jastrzebie-Zdrój,Poland,2006-02-14T22:04:36.000Z,2006-02-15T04:57:20.000Z
129,CARRIE,PORTER,CARRIE.PORTER@sakilacustomer.org,1,1854 Tieli Street,Shandong,15819,Liaocheng,China,2006-02-14T22:04:36.000Z,2006-02-15T04:57:20.000Z
130,CHARLOTTE,HUNTER,CHARLOTTE.HUNTER@sakilacustomer.org,1,758 Junan Lane,Gois,82639,Águas Lindas de Goiás,Brazil,2006-02-14T22:04:36.000Z,2006-02-15T04:57:20.000Z
131,MONICA,HICKS,MONICA.HICKS@sakilacustomer.org,1,1752 São Leopoldo Parkway,Taka-Karpatia,14014,Mukatševe,Ukraine,2006-02-14T22:04:36.000Z,2006-02-15T04:57:20.000Z
132,ESTHER,CRAWFORD,ESTHER.CRAWFORD@sakilacustomer.org,1,898 Belém Manor,Free State,49757,Botshabelo,South Africa,2006-02-14T22:04:36.000Z,2006-02-15T04:57:20.000Z
133,PAULINE,HENRY,PAULINE.HENRY@sakilacustomer.org,1,261 Saint Louis Way,Coahuila de Zaragoza,83401,Torreón,Mexico,2006-02-14T22:04:36.000Z,2006-02-15T04:57:20.000Z
134,EMMA,BOYD,EMMA.BOYD@sakilacustomer.org,1,765 Southampton Drive,al-Qalyubiya,4285,Qalyub,Egypt,2006-02-14T22:04:36.000Z,2006-02-15T04:57:20.000Z
135,JUANITA,MASON,JUANITA.MASON@sakilacustomer.org,1,943 Johannesburg Avenue,Maharashtra,5892,Pune,India,2006-02-14T22:04:36.000Z,2006-02-15T04:57:20.000Z
136,ANITA,MORALES,ANITA.MORALES@sakilacustomer.org,1,788 Atšinsk Street,Karnataka,81691,Hubli-Dharwad,India,2006-02-14T22:04:36.000Z,2006-02-15T04:57:20.000Z
137,RHONDA,KENNEDY,RHONDA.KENNEDY@sakilacustomer.org,1,1749 Daxian Place,Gelderland,11044,Apeldoorn,Netherlands,2006-02-14T22:04:36.000Z,2006-02-15T04:57:20.000Z
138,HAZEL,WARREN,HAZEL.WARREN@sakilacustomer.org,1,1587 Sullana Lane,Inner Mongolia,85769,Hohhot,China,2006-02-14T22:04:36.000Z,2006-02-15T04:57:20.000Z
139,AMBER,DIXON,AMBER.DIXON@sakilacustomer.org,1,1029 Dzerzinsk Manor,Ynlin,57519,Touliu,Taiwan,2006-02-14T22:04:36.000Z,2006-02-15T04:57:20.000Z
140,EVA,RAMOS,EVA.RAMOS@sakilacustomer.org,1,1666 Beni-Mellal Place,Tennessee,13377,Clarksville,United States,2006-02-14T22:04:36.000Z,2006-02-15T04:57:20.000Z
141,DEBBIE,REYES,DEBBIE.REYES@sakilacustomer.org,1,928 Jaffna Loop,Hiroshima,93762,Fukuyama,Japan,2006-02-14T22:04:36.000Z,2006-02-15T04:57:20.000Z
142,APRIL,BURNS,APRIL.BURNS@sakilacustomer.org,1,483 Ljubertsy Parkway,Scotland,60562,Dundee,United Kingdom,2006-02-14T22:04:36.000Z,2006-02-15T04:57:20.000Z
143,LESLIE,GORDON,LESLIE.GORDON@sakilacustomer.org,1,374 Bat Yam Boulevard,Kilis,97700,Kilis,Turkey,2006-02-14T22:04:36.000Z,2006-02-15T04:57:20.000Z
144,CLARA,SHAW,CLARA.SHAW@sakilacustomer.org,1,1027 Songkhla Manor,Minsk,30861,Molodetšno,Belarus,2006-02-14T22:04:36.000Z,2006-02-15T04:57:20.000Z
145,LUCILLE,HOLMES,LUCILLE.HOLMES@sakilacustomer.org,1,999 Sanaa Loop,Gauteng,3439,Soshanguve,South Africa,2006-02-14T22:04:36.000Z,2006-02-15T04:57:20.000Z
146,JAMIE,RICE,JAMIE.RICE@sakilacustomer.org,1,879 Newcastle Way,Michigan,90732,Sterling Heights,United States,2006-02-14T22:04:36.000Z,2006-02-15T04:57:20.000Z
147,JOANNE,ROBERTSON,JOANNE.ROBERTSON@sakilacustomer.org,1,1337 Lincoln Parkway,Saitama,99457,Urawa,Japan,2006-02-14T22:04:36.000Z,2006-02-15T04:57:20.000Z
148,ELEANOR,HUNT,ELEANOR.HUNT@sakilacustomer.org,1,1952 Pune Lane,Saint-Denis,92150,Saint-Denis,Réunion,2006-02-14T22:04:36.000Z,2006-02-15T04:57:20.000Z
149,VALERIE,BLACK,VALERIE.BLACK@sakilacustomer.org,1,782 Mosul Street,Massachusetts,25545,Brockton,United States,2006-02-14T22:04:36.000Z,2006-02-15T04:57:20.000Z
150,DANIELLE,DANIELS,DANIELLE.DANIELS@sakilacustomer.org,1,781 Shimonoseki Drive,Michoacn de Ocampo,95444,Hidalgo,Mexico,2006-02-14T22:04:36.000Z,2006-02-15T04:57:20.000Z
151,MEGAN,PALMER,MEGAN.PALMER@sakilacustomer.org,1,1560 Jelets Boulevard,Shandong,77777,Laiwu,China,2006-02-14T22:04:36.000Z,2006-02-15T04:57:20.000Z
152,ALICIA,MILLS,ALICIA.MILLS@sakilacustomer.org,1,1963 Moscow Place,Assam,64863,Nagaon,India,2006-02-14T22:04:36.000Z,2006-02-15T04:57:20.000Z
153,SUZANNE,NICHOLS,SUZANNE.NICHOLS@sakilacustomer.org,1,456 Escobar Way,Jakarta Raya,36061,Jakarta,Indonesia,2006-02-14T22:04:36.000Z,2006-02-15T04:57:20.000Z
154,MICHELE,GRANT,MICHELE.GRANT@sakilacustomer.org,1,798 Cianjur Avenue,Shanxi,76990,Yuncheng,China,2006-02-14T22:04:36.000Z,2006-02-15T04:57:20.000Z
155,GAIL,KNIGHT,GAIL.KNIGHT@sakilacustomer.org,1,185 Novi Sad Place,Bern,41778,Bern,Switzerland,2006-02-14T22:04:36.000Z,2006-02-15T04:57:20.000Z
156,BERTHA,FERGUSON,BERTHA.FERGUSON@sakilacustomer.org,1,1367 Yantai Manor,Ondo & Ekiti,21294,Ondo,Nigeria,2006-02-14T22:04:36.000Z,2006-02-15T04:57:20.000Z
157,DARLENE,ROSE,DARLENE.ROSE@sakilacustomer.org,1,1386 Nakhon Sawan Boulevard,Pyongyang-si,53502,Pyongyang,North Korea,2006-02-14T22:04:36.000Z,2006-02-15T04:57:20.000Z
158,VERONICA,STONE,VERONICA.STONE@sakilacustomer.org,1,369 Papeete Way,North Carolina,66639,Greensboro,United States,2006-02-14T22:04:36.000Z,2006-02-15T04:57:20.000Z
159,JILL,HAWKINS,JILL.HAWKINS@sakilacustomer.org,1,1440 Compton Place,North Austria,81037,Linz,Austria,2006-02-14T22:04:36.000Z,2006-02-15T04:57:20.000Z
160,ERIN,DUNN,ERIN.DUNN@sakilacustomer.org,1,1623 Bahía Blanca Manor,Moskova,81511,Ljubertsy,Russian Federation,2006-02-14T22:04:36.000Z,2006-02-15T04:57:20.000Z
161,GERALDINE,PERKINS,GERALDINE.PERKINS@sakilacustomer.org,1,97 Shimoga Avenue,Tel Aviv,44660,Tel Aviv-Jaffa,Israel,2006-02-14T22:04:36.000Z,2006-02-15T04:57:20.000Z
162,LAUREN,HUDSON,LAUREN.HUDSON@sakilacustomer.org,1,1740 Le Mans Loop,Pays de la Loire,22853,Le Mans,France,2006-02-14T22:04:36.000Z,2006-02-15T04:57:20.000Z
163,CATHY,SPENCER,CATHY.SPENCER@sakilacustomer.org,1,1287 Xi´angfan Boulevard,Gifu,57844,Kakamigahara,Japan,2006-02-14T22:04:36.000Z,2006-02-15T04:57:20.000Z
164,JOANN,GARDNER,JOANN.GARDNER@sakilacustomer.org,1,842 Salzburg Lane,Adana,3313,Tarsus,Turkey,2006-02-14T22:04:36.000Z,2006-02-15T04:57:20.000Z
165,LORRAINE,STEPHENS,LORRAINE.STEPHENS@sakilacustomer.org,1,154 Tallahassee Loop,Xinxiang,62250,Hami,China,2006-02-14T22:04:36.000Z,2006-02-15T04:57:20.000Z
166,LYNN,PAYNE,LYNN.PAYNE@sakilacustomer.org,1,710 San Felipe del Progreso Avenue,Lilongwe,76901,Lilongwe,Malawi,2006-02-14T22:04:36.000Z,2006-02-15T04:57:20.000Z
167,SALLY,PIERCE,SALLY.PIERCE@sakilacustomer.org,1,1540 Wroclaw Drive,Maharashtra,62686,Chandrapur,India,2006-02-14T22:04:36.000Z,2006-02-15T04:57:20.000Z
168,REGINA,BERRY,REGINA.BERRY@sakilacustomer.org,1,475 Atšinsk Way,Gansu,59571,Jinchang,China,2006-02-14T22:04:36.000Z,2006-02-15T04:57:20.000Z
169,ERICA,MATTHEWS,ERICA.MATTHEWS@sakilacustomer.org,0,1294 Firozabad Drive,Ji´angxi,70618,Pingxiang,China,2006-02-14T22:04:36.000Z,2006-02-15T04:57:20.000Z
170,BEATRICE,ARNOLD,BEATRICE.ARNOLD@sakilacustomer.org,1,1877 Ezhou Lane,Rajasthan,63337,Udaipur,India,2006-02-14T22:04:36.000Z,2006-02-15T04:57:20.000Z
171,DOLORES,WAGNER,DOLORES.WAGNER@sakilacustomer.org,1,316 Uruapan Street,Perak,58194,Ipoh,Malaysia,2006-02-14T22:04:36.000Z,2006-02-15T04:57:20.000Z
172,BERNICE,WILLIS,BERNICE.WILLIS@sakilacustomer.org,1,29 Pyongyang Loop,Batman,47753,Batman,Turkey,2006-02-14T22:04:36.000Z,2006-02-15T04:57:20.000Z
173,AUDREY,RAY,AUDREY.RAY@sakilacustomer.org,1,1010 Klerksdorp Way,Steiermark,6802,Graz,Austria,2006-02-14T22:04:36.000Z,2006-02-15T04:57:20.000Z
174,YVONNE,WATKINS,YVONNE.WATKINS@sakilacustomer.org,1,1848 Salala Boulevard,Miranda,25220,Ocumare del Tuy,Venezuela,2006-02-14T22:04:36.000Z,2006-02-15T04:57:20.000Z
175,ANNETTE,OLSON,ANNETTE.OLSON@sakilacustomer.org,1,431 Xi´angtan Avenue,Kerala,4854,Allappuzha (Alleppey),India,2006-02-14T22:04:36.000Z,2006-02-15T04:57:20.000Z
176,JUNE,CARROLL,JUNE.CARROLL@sakilacustomer.org,1,757 Rustenburg Avenue,Skikda,89668,Skikda,Algeria,2006-02-14T22:04:36.000Z,2006-02-15T04:57:20.000Z
177,SAMANTHA,DUNCAN,SAMANTHA.DUNCAN@sakilacustomer.org,1,146 Johannesburg Way,Tamaulipas,54132,Matamoros,Mexico,2006-02-14T22:04:36.000Z,2006-02-15T04:57:20.000Z
178,MARION,SNYDER,MARION.SNYDER@sakilacustomer.org,1,1891 Rizhao Boulevard,São Paulo,47288,Santa Bárbara d´Oeste,Brazil,2006-02-14T22:04:36.000Z,2006-02-15T04:57:20.000Z
179,DANA,HART,DANA.HART@sakilacustomer.org,1,1089 Iwatsuki Avenue,Kirov,35109,Kirovo-Tšepetsk,Russian Federation,2006-02-14T22:04:36.000Z,2006-02-15T04:57:20.000Z
180,STACY,CUNNINGHAM,STACY.CUNNINGHAM@sakilacustomer.org,1,1410 Benin City Parkway,Risaralda,29747,Pereira,Colombia,2006-02-14T22:04:36.000Z,2006-02-15T04:57:20.000Z
181,ANA,BRADLEY,ANA.BRADLEY@sakilacustomer.org,1,682 Garden Grove Place,Tennessee,67497,Memphis,United States,2006-02-14T22:04:36.000Z,2006-02-15T04:57:20.000Z
182,RENEE,LANE,RENEE.LANE@sakilacustomer.org,1,533 al-Ayn Boulevard,California,8862,Compton,United States,2006-02-14T22:04:36.000Z,2006-02-15T04:57:20.000Z
183,IDA,ANDREWS,IDA.ANDREWS@sakilacustomer.org,1,1839 Székesfehérvár Parkway,Gois,55709,Luziânia,Brazil,2006-02-14T22:04:36.000Z,2006-02-15T04:57:20.000Z
184,VIVIAN,RUIZ,VIVIAN.RUIZ@sakilacustomer.org,1,741 Ambattur Manor,Noord-Brabant,43310,´s-Hertogenbosch,Netherlands,2006-02-14T22:04:36.000Z,2006-02-15T04:57:20.000Z
185,ROBERTA,HARPER,ROBERTA.HARPER@sakilacustomer.org,1,927 Barcelona Street,Chaharmahal va Bakht,65121,Shahr-e Kord,Iran,2006-02-14T22:04:36.000Z,2006-02-15T04:57:20.000Z
186,HOLLY,FOX,HOLLY.FOX@sakilacustomer.org,1,435 0 Way,West Bengali,74750,Haldia,India,2006-02-14T22:04:36.000Z,2006-02-15T04:57:20.000Z
187,BRITTANY,RILEY,BRITTANY.RILEY@sakilacustomer.org,1,140 Chiayi Parkway,Sumy,38982,Sumy,Ukraine,2006-02-14T22:04:36.000Z,2006-02-15T04:57:20.000Z
188,MELANIE,ARMSTRONG,MELANIE.ARMSTRONG@sakilacustomer.org,1,1166 Changhwa Street,Caraga,58852,Bayugan,Philippines,2006-02-14T22:04:36.000Z,2006-02-15T04:57:20.000Z
189,LORETTA,CARPENTER,LORETTA.CARPENTER@sakilacustomer.org,1,891 Novi Sad Manor,Ontario,5379,Oshawa,Canada,2006-02-14T22:04:36.000Z,2006-02-15T04:57:20.000Z
190,YOLANDA,WEAVER,YOLANDA.WEAVER@sakilacustomer.org,1,605 Rio Claro Parkway,Tabora,49348,Tabora,Tanzania,2006-02-14T22:04:36.000Z,2006-02-15T04:57:20.000Z
191,JEANETTE,GREENE,JEANETTE.GREENE@sakilacustomer.org,1,1077 San Felipe de Puerto Plata Place,Rostov-na-Donu,65387,Novotšerkassk,Russian Federation,2006-02-14T22:04:36.000Z,2006-02-15T04:57:20.000Z
192,LAURIE,LAWRENCE,LAURIE.LAWRENCE@sakilacustomer.org,1,9 San Miguel de Tucumán Manor,Uttar Pradesh,90845,Firozabad,India,2006-02-14T22:04:36.000Z,2006-02-15T04:57:20.000Z
193,KATIE,ELLIOTT,KATIE.ELLIOTT@sakilacustomer.org,1,447 Surakarta Loop,Nyanza,10428,Kisumu,Kenya,2006-02-14T22:04:36.000Z,2006-02-15T04:57:20.000Z
194,KRISTEN,CHAVEZ,KRISTEN.CHAVEZ@sakilacustomer.org,1,345 Oshawa Boulevard,Tokyo-to,32114,Hino,Japan,2006-02-14T22:04:36.000Z,2006-02-15T04:57:20.000Z
195,VANESSA,SIMS,VANESSA.SIMS@sakilacustomer.org,1,1792 Valle de la Pascua Place,Nordrhein-Westfalen,15540,Siegen,Germany,2006-02-14T22:04:36.000Z,2006-02-15T04:57:20.000Z
196,ALMA,AUSTIN,ALMA.AUSTIN@sakilacustomer.org,1,1074 Binzhou Manor,Baden-Wrttemberg,36490,Mannheim,Germany,2006-02-14T22:04:36.000Z,2006-02-15T04:57:20.000Z
197,SUE,PETERS,SUE.PETERS@sakilacustomer.org,1,817 Bradford Loop,Ji´angsu,89459,Changzhou,China,2006-02-14T22:04:36.000Z,2006-02-15T04:57:20.000Z
198,ELSIE,KELLEY,ELSIE.KELLEY@sakilacustomer.org,1,955 Bamenda Way,Ondo & Ekiti,1545,Ikerre,Nigeria,2006-02-14T22:04:36.000Z,2006-02-15T04:57:20.000Z
199,BETH,FRANKLIN,BETH.FRANKLIN@sakilacustomer.org,1,1149 A Coruña (La Coruña) Boulevard,Haiphong,95824,Haiphong,Vietnam,2006-02-14T22:04:36.000Z,2006-02-15T04:57:20.000Z
200,JEANNE,LAWSON,JEANNE.LAWSON@sakilacustomer.org,1,387 Mwene-Ditu Drive,Ahal,8073,Ashgabat,Turkmenistan,2006-02-14T22:04:36.000Z,2006-02-15T04:57:20.000Z
201,VICKI,FIELDS,VICKI.FIELDS@sakilacustomer.org,1,68 Molodetšno Manor,Nordrhein-Westfalen,4662,Witten,Germany,2006-02-14T22:04:36.000Z,2006-02-15T04:57:20.000Z
202,CARLA,GUTIERREZ,CARLA.GUTIERREZ@sakilacustomer.org,1,642 Nador Drive,Maharashtra,3924,Bhusawal,India,2006-02-14T22:04:36.000Z,2006-02-15T04:57:20.000Z
203,TARA,RYAN,TARA.RYAN@sakilacustomer.org,1,1688 Nador Lane,Sulawesi Utara,61613,Gorontalo,Indonesia,2006-02-14T22:04:36.000Z,2006-02-15T04:57:20.000Z
204,ROSEMARY,SCHMIDT,ROSEMARY.SCHMIDT@sakilacustomer.org,1,1215 Pyongyang Parkway,Usak,25238,Usak,Turkey,2006-02-14T22:04:36.000Z,2006-02-15T04:57:20.000Z
205,EILEEN,CARR,EILEEN.CARR@sakilacustomer.org,1,1679 Antofagasta Street,Alto Paran,86599,Ciudad del Este,Paraguay,2006-02-14T22:04:36.000Z,2006-02-15T04:57:20.000Z
206,TERRI,VASQUEZ,TERRI.VASQUEZ@sakilacustomer.org,1,1304 ´s-Hertogenbosch Way,Santa Catarina,10925,Blumenau,Brazil,2006-02-14T22:04:36.000Z,2006-02-15T04:57:20.000Z
207,GERTRUDE,CASTILLO,GERTRUDE.CASTILLO@sakilacustomer.org,1,850 Salala Loop,Kitaa,10800,Nuuk,Greenland,2006-02-14T22:04:36.000Z,2006-02-15T04:57:20.000Z
208,LUCY,WHEELER,LUCY.WHEELER@sakilacustomer.org,1,624 Oshawa Boulevard,West Bengali,89959,Balurghat,India,2006-02-14T22:04:36.000Z,2006-02-15T04:57:20.000Z
209,TONYA,CHAPMAN,TONYA.CHAPMAN@sakilacustomer.org,1,43 Dadu Avenue,Rajasthan,4855,Bhilwara,India,2006-02-14T22:04:36.000Z,2006-02-15T04:57:20.000Z
210,ELLA,OLIVER,ELLA.OLIVER@sakilacustomer.org,1,751 Lima Loop,Aden,99405,Aden,Yemen,2006-02-14T22:04:36.000Z,2006-02-15T04:57:20.000Z
211,STACEY,MONTGOMERY,STACEY.MONTGOMERY@sakilacustomer.org,1,1333 Haldia Street,Jilin,82161,Fuyu,China,2006-02-14T22:04:36.000Z,2006-02-15T04:57:20.000Z
212,WILMA,RICHARDS,WILMA.RICHARDS@sakilacustomer.org,1,660 Jedda Boulevard,Washington,25053,Bellevue,United States,2006-02-14T22:04:36.000Z,2006-02-15T04:57:20.000Z
213,GINA,WILLIAMSON,GINA.WILLIAMSON@sakilacustomer.org,1,1001 Miyakonojo Lane,Taizz,67924,Taizz,Yemen,2006-02-14T22:04:36.000Z,2006-02-15T04:57:20.000Z
214,KRISTIN,JOHNSTON,KRISTIN.JOHNSTON@sakilacustomer.org,1,226 Brest Manor,California,2299,Sunnyvale,United States,2006-02-14T22:04:36.000Z,2006-02-15T04:57:20.000Z
215,JESSIE,BANKS,JESSIE.BANKS@sakilacustomer.org,1,1229 Valencia Parkway,Haskovo,99124,Stara Zagora,Bulgaria,2006-02-14T22:04:36.000Z,2006-02-15T04:57:20.000Z
216,NATALIE,MEYER,NATALIE.MEYER@sakilacustomer.org,1,1201 Qomsheh Manor,Gois,21464,Aparecida de Goiânia,Brazil,2006-02-14T22:04:36.000Z,2006-02-15T04:57:20.000Z
217,AGNES,BISHOP,AGNES.BISHOP@sakilacustomer.org,1,866 Shivapuri Manor,Uttar Pradesh,22474,Sambhal,India,2006-02-14T22:04:36.000Z,2006-02-15T04:57:20.000Z
218,VERA,MCCOY,VERA.MCCOY@sakilacustomer.org,1,1168 Najafabad Parkway,Kabol,40301,Kabul,Afghanistan,2006-02-14T22:04:36.000Z,2006-02-15T04:57:20.000Z
219,WILLIE,HOWELL,WILLIE.HOWELL@sakilacustomer.org,1,1244 Allappuzha (Alleppey) Place,Buenos Aires,20657,Vicente López,Argentina,2006-02-14T22:04:36.000Z,2006-02-15T04:57:20.000Z
220,CHARLENE,ALVAREZ,CHARLENE.ALVAREZ@sakilacustomer.org,1,1842 Luziânia Boulevard,Zanzibar West,94420,Zanzibar,Tanzania,2006-02-14T22:04:36.000Z,2006-02-15T04:57:20.000Z
221,BESSIE,MORRISON,BESSIE.MORRISON@sakilacustomer.org,1,1926 Gingoog Street,Sisilia,22824,Syrakusa,Italy,2006-02-14T22:04:36.000Z,2006-02-15T04:57:20.000Z
222,DELORES,HANSEN,DELORES.HANSEN@sakilacustomer.org,1,810 Palghat (Palakkad) Boulevard,Jaroslavl,73431,Jaroslavl,Russian Federation,2006-02-14T22:04:36.000Z,2006-02-15T04:57:20.000Z
223,MELINDA,FERNANDEZ,MELINDA.FERNANDEZ@sakilacustomer.org,1,1820 Maringá Parkway,Punjab,88307,Mandi Bahauddin,Pakistan,2006-02-14T22:04:36.000Z,2006-02-15T04:57:20.000Z
224,PEARL,GARZA,PEARL.GARZA@sakilacustomer.org,1,60 Poços de Caldas Street,Rajasthan,82338,Jodhpur,India,2006-02-14T22:04:36.000Z,2006-02-15T04:57:20.000Z
225,ARLENE,HARVEY,ARLENE.HARVEY@sakilacustomer.org,1,1014 Loja Manor,Tamil Nadu,66851,Ambattur,India,2006-02-14T22:04:36.000Z,2006-02-15T04:57:20.000Z
226,MAUREEN,LITTLE,MAUREEN.LITTLE@sakilacustomer.org,1,201 Effon-Alaiye Way,Asunción,64344,Asunción,Paraguay,2006-02-14T22:04:36.000Z,2006-02-15T04:57:20.000Z
227,COLLEEN,BURTON,COLLEEN.BURTON@sakilacustomer.org,1,430 Alessandria Loop,Saarland,47446,Saarbrücken,Germany,2006-02-14T22:04:36.000Z,2006-02-15T04:57:20.000Z
228,ALLISON,STANLEY,ALLISON.STANLEY@sakilacustomer.org,1,754 Valencia Place,Phnom Penh,87911,Phnom Penh,Cambodia,2006-02-14T22:04:36.000Z,2006-02-15T04:57:20.000Z
229,TAMARA,NGUYEN,TAMARA.NGUYEN@sakilacustomer.org,1,356 Olomouc Manor,Gois,93323,Anápolis,Brazil,2006-02-14T22:04:36.000Z,2006-02-15T04:57:20.000Z
230,JOY,GEORGE,JOY.GEORGE@sakilacustomer.org,1,1256 Bislig Boulevard,Botosani,50598,Botosani,Romania,2006-02-14T22:04:36.000Z,2006-02-15T04:57:20.000Z
231,GEORGIA,JACOBS,GEORGIA.JACOBS@sakilacustomer.org,1,954 Kimchon Place,West Bengali,42420,Uttarpara-Kotrung,India,2006-02-14T22:04:36.000Z,2006-02-15T04:57:20.000Z
232,CONSTANCE,REID,CONSTANCE.REID@sakilacustomer.org,1,885 Yingkou Manor,Kaduna,31390,Zaria,Nigeria,2006-02-14T22:04:36.000Z,2006-02-15T04:57:20.000Z
233,LILLIE,KIM,LILLIE.KIM@sakilacustomer.org,1,1736 Cavite Place,Qina,98775,Idfu,Egypt,2006-02-14T22:04:36.000Z,2006-02-15T04:57:20.000Z
234,CLAUDIA,FULLER,CLAUDIA.FULLER@sakilacustomer.org,1,346 Skikda Parkway,Hawalli,90628,Jalib al-Shuyukh,Kuwait,2006-02-14T22:04:36.000Z,2006-02-15T04:57:20.000Z
235,JACKIE,LYNCH,JACKIE.LYNCH@sakilacustomer.org,1,98 Stara Zagora Boulevard,Valle,76448,Buenaventura,Colombia,2006-02-14T22:04:36.000Z,2006-02-15T04:57:20.000Z
236,MARCIA,DEAN,MARCIA.DEAN@sakilacustomer.org,1,1479 Rustenburg Boulevard,Southern Tagalog,18727,Tanza,Philippines,2006-02-14T22:04:36.000Z,2006-02-15T04:57:20.000Z
237,TANYA,GILBERT,TANYA.GILBERT@sakilacustomer.org,1,647 A Coruña (La Coruña) Street,Chollanam,36971,Naju,South Korea,2006-02-14T22:04:36.000Z,2006-02-15T04:57:20.000Z
238,NELLIE,GARRETT,NELLIE.GARRETT@sakilacustomer.org,1,1964 Gijón Manor,Karnataka,14408,Shimoga,India,2006-02-14T22:04:36.000Z,2006-02-15T04:57:20.000Z
239,MINNIE,ROMERO,MINNIE.ROMERO@sakilacustomer.org,1,47 Syktyvkar Lane,West Java,22236,Ciomas,Indonesia,2006-02-14T22:04:36.000Z,2006-02-15T04:57:20.000Z
240,MARLENE,WELCH,MARLENE.WELCH@sakilacustomer.org,1,1148 Saarbrücken Parkway,Fukushima,1921,Iwaki,Japan,2006-02-14T22:04:36.000Z,2006-02-15T04:57:20.000Z
241,HEIDI,LARSON,HEIDI.LARSON@sakilacustomer.org,0,1103 Bilbays Parkway,Hubei,87660,Xi´angfan,China,2006-02-14T22:04:36.000Z,2006-02-15T04:57:20.000Z
242,GLENDA,FRAZIER,GLENDA.FRAZIER@sakilacustomer.org,1,1246 Boksburg Parkway,Hebei,28349,Qinhuangdao,China,2006-02-14T22:04:36.000Z,2006-02-15T04:57:20.000Z
243,LYDIA,BURKE,LYDIA.BURKE@sakilacustomer.org,1,1483 Pathankot Street,Tucumn,37288,San Miguel de Tucumán,Argentina,2006-02-14T22:04:36.000Z,2006-02-15T04:57:20.000Z
244,VIOLA,HANSON,VIOLA.HANSON@sakilacustomer.org,1,582 Papeete Loop,Central Visayas,27722,Lapu-Lapu,Philippines,2006-02-14T22:04:36.000Z,2006-02-15T04:57:20.000Z
245,COURTNEY,DAY,COURTNEY.DAY@sakilacustomer.org,1,300 Junan Street,Kyonggi,81314,Uijongbu,South Korea,2006-02-14T22:04:36.000Z,2006-02-15T04:57:20.000Z
246,MARIAN,MENDOZA,MARIAN.MENDOZA@sakilacustomer.org,1,829 Grand Prairie Way,Paraná,6461,Maringá,Brazil,2006-02-14T22:04:36.000Z,2006-02-15T04:57:20.000Z
247,STELLA,MORENO,STELLA.MORENO@sakilacustomer.org,1,1473 Changhwa Parkway,Mxico,75933,Coacalco de Berriozábal,Mexico,2006-02-14T22:04:36.000Z,2006-02-15T04:57:20.000Z
248,CAROLINE,BOWMAN,CAROLINE.BOWMAN@sakilacustomer.org,1,1309 Weifang Street,Florida,57338,Tallahassee,United States,2006-02-14T22:04:36.000Z,2006-02-15T04:57:20.000Z
249,DORA,MEDINA,DORA.MEDINA@sakilacustomer.org,1,1760 Oshawa Manor,Tianjin,38140,Tianjin,China,2006-02-14T22:04:36.000Z,2006-02-15T04:57:20.000Z
250,JO,FOWLER,JO.FOWLER@sakilacustomer.org,1,786 Stara Zagora Way,Oyo & Osun,98332,Oyo,Nigeria,2006-02-14T22:04:36.000Z,2006-02-15T04:57:20.000Z
251,VICKIE,BREWER,VICKIE.BREWER@sakilacustomer.org,1,1966 Tonghae Street,Anhalt Sachsen,36481,Halle/Saale,Germany,2006-02-14T22:04:36.000Z,2006-02-15T04:57:20.000Z
252,MATTIE,HOFFMAN,MATTIE.HOFFMAN@sakilacustomer.org,1,1497 Yuzhou Drive,England,3433,London,United Kingdom,2006-02-14T22:04:36.000Z,2006-02-15T04:57:20.000Z
253,TERRY,CARLSON,TERRY.CARLSON@sakilacustomer.org,1,752 Ondo Loop,Miyazaki,32474,Miyakonojo,Japan,2006-02-14T22:04:36.000Z,2006-02-15T04:57:20.000Z
254,MAXINE,SILVA,MAXINE.SILVA@sakilacustomer.org,1,1338 Zalantun Lane,Minas Gerais,45403,Poços de Caldas,Brazil,2006-02-14T22:04:36.000Z,2006-02-15T04:57:20.000Z
255,IRMA,PEARSON,IRMA.PEARSON@sakilacustomer.org,1,127 Iwakuni Boulevard,Central Luzon,20777,Hagonoy,Philippines,2006-02-14T22:04:36.000Z,2006-02-15T04:57:20.000Z
256,MABEL,HOLLAND,MABEL.HOLLAND@sakilacustomer.org,1,51 Laredo Avenue,Sagaing,68146,Monywa,Myanmar,2006-02-14T22:04:36.000Z,2006-02-15T04:57:20.000Z
257,MARSHA,DOUGLAS,MARSHA.DOUGLAS@sakilacustomer.org,1,771 Yaoundé Manor,Sofala,86768,Beira,Mozambique,2006-02-14T22:04:36.000Z,2006-02-15T04:57:20.000Z
258,MYRTLE,FLEMING,MYRTLE.FLEMING@sakilacustomer.org,1,532 Toulon Street,Santiago,69517,Santiago de los Caballeros,Dominican Republic,2006-02-14T22:04:36.000Z,2006-02-15T04:57:20.000Z
259,LENA,JENSEN,LENA.JENSEN@sakilacustomer.org,1,1027 Banjul Place,West Bengali,50390,Halisahar,India,2006-02-14T22:04:36.000Z,2006-02-15T04:57:20.000Z
260,CHRISTY,VARGAS,CHRISTY.VARGAS@sakilacustomer.org,1,1158 Mandi Bahauddin Parkway,Shanxi,98484,Datong,China,2006-02-14T22:04:36.000Z,2006-02-15T04:57:20.000Z
261,DEANNA,BYRD,DEANNA.BYRD@sakilacustomer.org,1,862 Xintai Lane,Cagayan Valley,30065,Tuguegarao,Philippines,2006-02-14T22:04:36.000Z,2006-02-15T04:57:20.000Z
262,PATSY,DAVIDSON,PATSY.DAVIDSON@sakilacustomer.org,1,816 Cayenne Parkway,Manab,93629,Portoviejo,Ecuador,2006-02-14T22:04:36.000Z,2006-02-15T04:57:20.000Z
263,HILDA,HOPKINS,HILDA.HOPKINS@sakilacustomer.org,1,1831 Nam Dinh Loop,National Capital Reg,51990,Mandaluyong,Philippines,2006-02-14T22:04:36.000Z,2006-02-15T04:57:20.000Z
264,GWENDOLYN,MAY,GWENDOLYN.MAY@sakilacustomer.org,1,446 Kirovo-Tšepetsk Lane,Osaka,19428,Higashiosaka,Japan,2006-02-14T22:04:36.000Z,2006-02-15T04:57:20.000Z
265,JENNIE,TERRY,JENNIE.TERRY@sakilacustomer.org,1,682 Halisahar Place,Severn Morava,20536,Olomouc,Czech Republic,2006-02-14T22:04:36.000Z,2006-02-15T04:57:20.000Z
266,NORA,HERRERA,NORA.HERRERA@sakilacustomer.org,1,1587 Loja Manor,Salzburg,5410,Salzburg,Austria,2006-02-14T22:04:36.000Z,2006-02-15T04:57:20.000Z
267,MARGIE,WADE,MARGIE.WADE@sakilacustomer.org,1,1762 Paarl Parkway,Hunan,53928,Lengshuijiang,China,2006-02-14T22:04:36.000Z,2006-02-15T04:57:20.000Z
268,NINA,SOTO,NINA.SOTO@sakilacustomer.org,1,1519 Ilorin Place,Kerala,49298,Palghat (Palakkad),India,2006-02-14T22:04:36.000Z,2006-02-15T04:57:20.000Z
269,CASSANDRA,WALTERS,CASSANDRA.WALTERS@sakilacustomer.org,1,920 Kumbakonam Loop,California,75090,Salinas,United States,2006-02-14T22:04:36.000Z,2006-02-15T04:57:20.000Z
270,LEAH,CURTIS,LEAH.CURTIS@sakilacustomer.org,1,906 Goiânia Way,Wielkopolskie,83565,Kalisz,Poland,2006-02-14T22:04:36.000Z,2006-02-15T04:57:20.000Z
271,PENNY,NEAL,PENNY.NEAL@sakilacustomer.org,0,1675 Xi´angfan Manor,Tamil Nadu,11763,Kumbakonam,India,2006-02-14T22:04:36.000Z,2006-02-15T04:57:20.000Z
272,KAY,CALDWELL,KAY.CALDWELL@sakilacustomer.org,1,85 San Felipe de Puerto Plata Drive,Shandong,46063,Yantai,China,2006-02-14T22:04:37.000Z,2006-02-15T04:57:20.000Z
273,PRISCILLA,LOWE,PRISCILLA.LOWE@sakilacustomer.org,1,144 South Hill Loop,Guanajuato,2012,Salamanca,Mexico,2006-02-14T22:04:37.000Z,2006-02-15T04:57:20.000Z
274,NAOMI,JENNINGS,NAOMI.JENNINGS@sakilacustomer.org,1,1884 Shikarpur Avenue,Haryana,85548,Karnal,India,2006-02-14T22:04:37.000Z,2006-02-15T04:57:20.000Z
275,CAROLE,BARNETT,CAROLE.BARNETT@sakilacustomer.org,1,1980 Kamjanets-Podilskyi Street,Illinois,89502,Peoria,United States,2006-02-14T22:04:37.000Z,2006-02-15T04:57:20.000Z
276,BRANDY,GRAVES,BRANDY.GRAVES@sakilacustomer.org,1,1944 Bamenda Way,Michigan,24645,Warren,United States,2006-02-14T22:04:37.000Z,2006-02-15T04:57:20.000Z
277,OLGA,JIMENEZ,OLGA.JIMENEZ@sakilacustomer.org,1,556 Baybay Manor,Oyo & Osun,55802,Ogbomosho,Nigeria,2006-02-14T22:04:37.000Z,2006-02-15T04:57:20.000Z
278,BILLIE,HORTON,BILLIE.HORTON@sakilacustomer.org,1,457 Tongliao Loop,Bursa,56254,Inegöl,Turkey,2006-02-14T22:04:37.000Z,2006-02-15T04:57:20.000Z
279,DIANNE,SHELTON,DIANNE.SHELTON@sakilacustomer.org,1,600 Bradford Street,East Azerbaidzan,96204,Tabriz,Iran,2006-02-14T22:04:37.000Z,2006-02-15T04:57:20.000Z
280,TRACEY,BARRETT,TRACEY.BARRETT@sakilacustomer.org,1,1006 Santa Bárbara d´Oeste Manor,Ondo & Ekiti,36229,Owo,Nigeria,2006-02-14T22:04:37.000Z,2006-02-15T04:57:20.000Z
281,LEONA,OBRIEN,LEONA.OBRIEN@sakilacustomer.org,1,1308 Sumy Loop,Fujian,30657,Fuzhou,China,2006-02-14T22:04:37.000Z,2006-02-15T04:57:20.000Z
282,JENNY,CASTRO,JENNY.CASTRO@sakilacustomer.org,1,1405 Chisinau Place,Ponce,8160,Ponce,Puerto Rico,2006-02-14T22:04:37.000Z,2006-02-15T04:57:20.000Z
283,FELICIA,SUTTON,FELICIA.SUTTON@sakilacustomer.org,1,226 Halifax Street,Xinxiang,58492,Korla,China,2006-02-14T22:04:37.000Z,2006-02-15T04:57:20.000Z
284,SONIA,GREGORY,SONIA.GREGORY@sakilacustomer.org,1,1279 Udine Parkway,Edo & Delta,75860,Benin City,Nigeria,2006-02-14T22:04:37.000Z,2006-02-15T04:57:20.000Z
285,MIRIAM,MCKINNEY,MIRIAM.MCKINNEY@sakilacustomer.org,1,1336 Benin City Drive,Shiga,46044,Otsu,Japan,2006-02-14T22:04:37.000Z,2006-02-15T04:57:20.000Z
286,VELMA,LUCAS,VELMA.LUCAS@sakilacustomer.org,1,1155 Liaocheng Place,Oyo & Osun,22650,Effon-Alaiye,Nigeria,2006-02-14T22:04:37.000Z,2006-02-15T04:57:20.000Z
287,BECKY,MILES,BECKY.MILES@sakilacustomer.org,1,1993 Tabuk Lane,Tamil Nadu,64221,Tambaram,India,2006-02-14T22:04:37.000Z,2006-02-15T04:57:20.000Z
288,BOBBIE,CRAIG,BOBBIE.CRAIG@sakilacustomer.org,1,86 Higashiosaka Lane,Guanajuato,33768,Valle de Santiago,Mexico,2006-02-14T22:04:37.000Z,2006-02-15T04:57:20.000Z
289,VIOLET,RODRIQUEZ,VIOLET.RODRIQUEZ@sakilacustomer.org,1,1912 Allende Manor,Kowloon and New Kowl,58124,Kowloon and New Kowloon,Hong Kong,2006-02-14T22:04:37.000Z,2006-02-15T04:57:20.000Z
290,KRISTINA,CHAMBERS,KRISTINA.CHAMBERS@sakilacustomer.org,1,544 Tarsus Boulevard,Gurico,53145,Valle de la Pascua,Venezuela,2006-02-14T22:04:37.000Z,2006-02-15T04:57:20.000Z
291,TONI,HOLT,TONI.HOLT@sakilacustomer.org,1,1936 Cumaná Avenue,Virginia,61195,Roanoke,United States,2006-02-14T22:04:37.000Z,2006-02-15T04:57:20.000Z
292,MISTY,LAMBERT,MISTY.LAMBERT@sakilacustomer.org,1,1192 Tongliao Street,Sharja,19065,Sharja,United Arab Emirates,2006-02-14T22:04:37.000Z,2006-02-15T04:57:20.000Z
293,MAE,FLETCHER,MAE.FLETCHER@sakilacustomer.org,1,44 Najafabad Way,Baskimaa,61391,Donostia-San Sebastián,Spain,2006-02-14T22:04:37.000Z,2006-02-15T04:57:20.000Z
294,SHELLY,WATTS,SHELLY.WATTS@sakilacustomer.org,1,32 Pudukkottai Lane,Ohio,38834,Dayton,United States,2006-02-14T22:04:37.000Z,2006-02-15T04:57:20.000Z
295,DAISY,BATES,DAISY.BATES@sakilacustomer.org,1,661 Chisinau Lane,Pietari,8856,Kolpino,Russian Federation,2006-02-14T22:04:37.000Z,2006-02-15T04:57:20.000Z
296,RAMONA,HALE,RAMONA.HALE@sakilacustomer.org,1,951 Stara Zagora Manor,Punjab,98573,Patiala,India,2006-02-14T22:04:37.000Z,2006-02-15T04:57:20.000Z
297,SHERRI,RHODES,SHERRI.RHODES@sakilacustomer.org,1,922 Vila Velha Loop,Maharashtra,4085,Ahmadnagar,India,2006-02-14T22:04:37.000Z,2006-02-15T04:57:20.000Z
298,ERIKA,PENA,ERIKA.PENA@sakilacustomer.org,1,898 Jining Lane,Pohjois-Pohjanmaa,40070,Oulu,Finland,2006-02-14T22:04:37.000Z,2006-02-15T04:57:20.000Z
299,JAMES,GANNON,JAMES.GANNON@sakilacustomer.org,1,1635 Kuwana Boulevard,Hiroshima,52137,Hiroshima,Japan,2006-02-14T22:04:37.000Z,2006-02-15T04:57:20.000Z
300,JOHN,FARNSWORTH,JOHN.FARNSWORTH@sakilacustomer.org,1,41 El Alto Parkway,Maharashtra,56883,Parbhani,India,2006-02-14T22:04:37.000Z,2006-02-15T04:57:20.000Z
301,ROBERT,BAUGHMAN,ROBERT.BAUGHMAN@sakilacustomer.org,1,1883 Maikop Lane,Kaliningrad,68469,Kaliningrad,Russian Federation,2006-02-14T22:04:37.000Z,2006-02-15T04:57:20.000Z
302,MICHAEL,SILVERMAN,MICHAEL.SILVERMAN@sakilacustomer.org,1,1908 Gaziantep Place,Liaoning,58979,Tiefa,China,2006-02-14T22:04:37.000Z,2006-02-15T04:57:20.000Z
303,WILLIAM,SATTERFIELD,WILLIAM.SATTERFIELD@sakilacustomer.org,1,687 Alessandria Parkway,Sanaa,57587,Sanaa,Yemen,2006-02-14T22:04:37.000Z,2006-02-15T04:57:20.000Z
304,DAVID,ROYAL,DAVID.ROYAL@sakilacustomer.org,1,827 Yuncheng Drive,Callao,79047,Callao,Peru,2006-02-14T22:04:37.000Z,2006-02-15T04:57:20.000Z
305,RICHARD,MCCRARY,RICHARD.MCCRARY@sakilacustomer.org,1,913 Coacalco de Berriozábal Loop,Texas,42141,Arlington,United States,2006-02-14T22:04:37.000Z,2006-02-15T04:57:20.000Z
306,CHARLES,KOWALSKI,CHARLES.KOWALSKI@sakilacustomer.org,1,715 São Bernardo do Campo Lane,Kedah,84804,Sungai Petani,Malaysia,2006-02-14T22:04:37.000Z,2006-02-15T04:57:20.000Z
307,JOSEPH,JOY,JOSEPH.JOY@sakilacustomer.org,1,1354 Siegen Street,Rio de Janeiro,80184,Angra dos Reis,Brazil,2006-02-14T22:04:37.000Z,2006-02-15T04:57:20.000Z
308,THOMAS,GRIGSBY,THOMAS.GRIGSBY@sakilacustomer.org,1,1191 Sungai Petani Boulevard,Missouri,9668,Kansas City,United States,2006-02-14T22:04:37.000Z,2006-02-15T04:57:20.000Z
309,CHRISTOPHER,GRECO,CHRISTOPHER.GRECO@sakilacustomer.org,1,1224 Huejutla de Reyes Boulevard,Lombardia,70923,Brescia,Italy,2006-02-14T22:04:37.000Z,2006-02-15T04:57:20.000Z
310,DANIEL,CABRAL,DANIEL.CABRAL@sakilacustomer.org,1,543 Bergamo Avenue,Minas Gerais,59686,Ibirité,Brazil,2006-02-14T22:04:37.000Z,2006-02-15T04:57:20.000Z
311,PAUL,TROUT,PAUL.TROUT@sakilacustomer.org,1,746 Joliet Lane,Kursk,94878,Kursk,Russian Federation,2006-02-14T22:04:37.000Z,2006-02-15T04:57:20.000Z
312,MARK,RINEHART,MARK.RINEHART@sakilacustomer.org,1,780 Kimberley Way,Tabuk,17032,Tabuk,Saudi Arabia,2006-02-14T22:04:37.000Z,2006-02-15T04:57:20.000Z
313,DONALD,MAHON,DONALD.MAHON@sakilacustomer.org,1,1774 Yaoundé Place,Hubei,91400,Ezhou,China,2006-02-14T22:04:37.000Z,2006-02-15T04:57:20.000Z
314,GEORGE,LINTON,GEORGE.LINTON@sakilacustomer.org,1,1957 Yantai Lane,São Paulo,59255,Sorocaba,Brazil,2006-02-14T22:04:37.000Z,2006-02-15T04:57:20.000Z
315,KENNETH,GOODEN,KENNETH.GOODEN@sakilacustomer.org,0,1542 Lubumbashi Boulevard,Tel Aviv,62472,Bat Yam,Israel,2006-02-14T22:04:37.000Z,2006-02-15T04:57:20.000Z
316,STEVEN,CURLEY,STEVEN.CURLEY@sakilacustomer.org,1,651 Pathankot Loop,Maharashtra,59811,Miraj,India,2006-02-14T22:04:37.000Z,2006-02-15T04:57:20.000Z
317,EDWARD,BAUGH,EDWARD.BAUGH@sakilacustomer.org,1,1359 Zhoushan Parkway,Streymoyar,29763,Tórshavn,Faroe Islands,2006-02-14T22:04:37.000Z,2006-02-15T04:57:20.000Z
318,BRIAN,WYMAN,BRIAN.WYMAN@sakilacustomer.org,1,1769 Iwaki Lane,Kujawsko-Pomorskie,25787,Bydgoszcz,Poland,2006-02-14T22:04:37.000Z,2006-02-15T04:57:20.000Z
319,RONALD,WEINER,RONALD.WEINER@sakilacustomer.org,1,1145 Vilnius Manor,Mxico,73170,San Felipe del Progreso,Mexico,2006-02-14T22:04:37.000Z,2006-02-15T04:57:20.000Z
320,ANTHONY,SCHWAB,ANTHONY.SCHWAB@sakilacustomer.org,1,1892 Nabereznyje Tšelny Lane,Tutuila,28396,Tafuna,American Samoa,2006-02-14T22:04:37.000Z,2006-02-15T04:57:20.000Z
321,KEVIN,SCHULER,KEVIN.SCHULER@sakilacustomer.org,1,470 Boksburg Street,Central,97960,Birgunj,Nepal,2006-02-14T22:04:37.000Z,2006-02-15T04:57:20.000Z
322,JASON,MORRISSEY,JASON.MORRISSEY@sakilacustomer.org,1,1427 A Coruña (La Coruña) Place,Buenos Aires,85799,Bahía Blanca,Argentina,2006-02-14T22:04:37.000Z,2006-02-15T04:57:20.000Z
323,MATTHEW,MAHAN,MATTHEW.MAHAN@sakilacustomer.org,1,479 San Felipe del Progreso Avenue,Morelos,54949,Cuautla,Mexico,2006-02-14T22:04:37.000Z,2006-02-15T04:57:20.000Z
324,GARY,COY,GARY.COY@sakilacustomer.org,1,867 Benin City Avenue,Henan,78543,Yuzhou,China,2006-02-14T22:04:37.000Z,2006-02-15T04:57:20.000Z
325,TIMOTHY,BUNN,TIMOTHY.BUNN@sakilacustomer.org,1,981 Kumbakonam Place,Distrito Federal,87611,Brasília,Brazil,2006-02-14T22:04:37.000Z,2006-02-15T04:57:20.000Z
326,JOSE,ANDREW,JOSE.ANDREW@sakilacustomer.org,1,1016 Iwakuni Street,St George,49833,Kingstown,Saint Vincent and the Grenadines,2006-02-14T22:04:37.000Z,2006-02-15T04:57:20.000Z
327,LARRY,THRASHER,LARRY.THRASHER@sakilacustomer.org,1,663 Bahía Blanca Parkway,Adana,33463,Adana,Turkey,2006-02-14T22:04:37.000Z,2006-02-15T04:57:20.000Z
328,JEFFREY,SPEAR,JEFFREY.SPEAR@sakilacustomer.org,1,1860 Taguig Loop,West Java,59550,Ciparay,Indonesia,2006-02-14T22:04:37.000Z,2006-02-15T04:57:20.000Z
329,FRANK,WAGGONER,FRANK.WAGGONER@sakilacustomer.org,1,1816 Bydgoszcz Loop,Dhaka,64308,Jamalpur,Bangladesh,2006-02-14T22:04:37.000Z,2006-02-15T04:57:20.000Z
330,SCOTT,SHELLEY,SCOTT.SHELLEY@sakilacustomer.org,1,587 Benguela Manor,Illinois,91590,Aurora,United States,2006-02-14T22:04:37.000Z,2006-02-15T04:57:20.000Z
331,ERIC,ROBERT,ERIC.ROBERT@sakilacustomer.org,1,430 Kumbakonam Drive,Santa Fé,28814,Santa Fé,Argentina,2006-02-14T22:04:37.000Z,2006-02-15T04:57:20.000Z
332,STEPHEN,QUALLS,STEPHEN.QUALLS@sakilacustomer.org,1,1838 Tabriz Lane,Dhaka,1195,Dhaka,Bangladesh,2006-02-14T22:04:37.000Z,2006-02-15T04:57:20.000Z
333,ANDREW,PURDY,ANDREW.PURDY@sakilacustomer.org,1,431 Székesfehérvár Avenue,Baki,57828,Baku,Azerbaijan,2006-02-14T22:04:37.000Z,2006-02-15T04:57:20.000Z
334,RAYMOND,MCWHORTER,RAYMOND.MCWHORTER@sakilacustomer.org,1,503 Sogamoso Loop,Sumqayit,49812,Sumqayit,Azerbaijan,2006-02-14T22:04:37.000Z,2006-02-15T04:57:20.000Z
335,GREGORY,MAULDIN,GREGORY.MAULDIN@sakilacustomer.org,1,507 Smolensk Loop,Sousse,22971,Sousse,Tunisia,2006-02-14T22:04:37.000Z,2006-02-15T04:57:20.000Z
336,JOSHUA,MARK,JOSHUA.MARK@sakilacustomer.org,1,1920 Weifang Avenue,Uttar Pradesh,15643,Rampur,India,2006-02-14T22:04:37.000Z,2006-02-15T04:57:20.000Z
337,JERRY,JORDON,JERRY.JORDON@sakilacustomer.org,1,124 al-Manama Way,Hiroshima,52368,Onomichi,Japan,2006-02-14T22:04:37.000Z,2006-02-15T04:57:20.000Z
338,DENNIS,GILMAN,DENNIS.GILMAN@sakilacustomer.org,1,1443 Mardan Street,Western Cape,31483,Paarl,South Africa,2006-02-14T22:04:37.000Z,2006-02-15T04:57:20.000Z
339,WALTER,PERRYMAN,WALTER.PERRYMAN@sakilacustomer.org,1,1909 Benguela Lane,Henan,19913,Xinxiang,China,2006-02-14T22:04:37.000Z,2006-02-15T04:57:20.000Z
340,PATRICK,NEWSOM,PATRICK.NEWSOM@sakilacustomer.org,1,68 Ponce Parkway,Hanoi,85926,Hanoi,Vietnam,2006-02-14T22:04:37.000Z,2006-02-15T04:57:20.000Z
341,PETER,MENARD,PETER.MENARD@sakilacustomer.org,1,1217 Konotop Avenue,Gelderland,504,Ede,Netherlands,2006-02-14T22:04:37.000Z,2006-02-15T04:57:20.000Z
342,HAROLD,MARTINO,HAROLD.MARTINO@sakilacustomer.org,1,1293 Nam Dinh Way,Roraima,71583,Boa Vista,Brazil,2006-02-14T22:04:37.000Z,2006-02-15T04:57:20.000Z
343,DOUGLAS,GRAF,DOUGLAS.GRAF@sakilacustomer.org,1,785 Vaduz Street,Baja California,36170,Mexicali,Mexico,2006-02-14T22:04:37.000Z,2006-02-15T04:57:20.000Z
344,HENRY,BILLINGSLEY,HENRY.BILLINGSLEY@sakilacustomer.org,1,1516 Escobar Drive,Tongatapu,46069,Nuku´alofa,Tonga,2006-02-14T22:04:37.000Z,2006-02-15T04:57:20.000Z
345,CARL,ARTIS,CARL.ARTIS@sakilacustomer.org,1,1628 Nagareyama Lane,Central,60079,San Lorenzo,Paraguay,2006-02-14T22:04:37.000Z,2006-02-15T04:57:20.000Z
346,ARTHUR,SIMPKINS,ARTHUR.SIMPKINS@sakilacustomer.org,1,1157 Nyeri Loop,Adygea,56380,Maikop,Russian Federation,2006-02-14T22:04:37.000Z,2006-02-15T04:57:20.000Z
347,RYAN,SALISBURY,RYAN.SALISBURY@sakilacustomer.org,1,1673 Tangail Drive,Daugavpils,26857,Daugavpils,Latvia,2006-02-14T22:04:37.000Z,2006-02-15T04:57:20.000Z
348,ROGER,QUINTANILLA,ROGER.QUINTANILLA@sakilacustomer.org,1,381 Kabul Way,Taipei,87272,Hsichuh,Taiwan,2006-02-14T22:04:37.000Z,2006-02-15T04:57:20.000Z
349,JOE,GILLILAND,JOE.GILLILAND@sakilacustomer.org,1,953 Hodeida Street,Southern Tagalog,18841,Imus,Philippines,2006-02-14T22:04:37.000Z,2006-02-15T04:57:20.000Z
350,JUAN,FRALEY,JUAN.FRALEY@sakilacustomer.org,1,469 Nakhon Sawan Street,Tuvassia,58866,Tšeboksary,Russian Federation,2006-02-14T22:04:37.000Z,2006-02-15T04:57:20.000Z
351,JACK,FOUST,JACK.FOUST@sakilacustomer.org,1,1378 Beira Loop,Krasnojarsk,40792,Zeleznogorsk,Russian Federation,2006-02-14T22:04:37.000Z,2006-02-15T04:57:20.000Z
352,ALBERT,CROUSE,ALBERT.CROUSE@sakilacustomer.org,1,1641 Changhwa Place,Nord-Ouest,37636,Bamenda,Cameroon,2006-02-14T22:04:37.000Z,2006-02-15T04:57:20.000Z
353,JONATHAN,SCARBOROUGH,JONATHAN.SCARBOROUGH@sakilacustomer.org,1,1698 Southport Loop,Hidalgo,49009,Pachuca de Soto,Mexico,2006-02-14T22:04:37.000Z,2006-02-15T04:57:20.000Z
354,JUSTIN,NGO,JUSTIN.NGO@sakilacustomer.org,1,519 Nyeri Manor,São Paulo,37650,Santo André,Brazil,2006-02-14T22:04:37.000Z,2006-02-15T04:57:20.000Z
355,TERRY,GRISSOM,TERRY.GRISSOM@sakilacustomer.org,1,619 Huánuco Avenue,Shimane,81508,Matsue,Japan,2006-02-14T22:04:37.000Z,2006-02-15T04:57:20.000Z
356,GERALD,FULTZ,GERALD.FULTZ@sakilacustomer.org,1,45 Aparecida de Goiânia Place,Madhya Pradesh,7431,Satna,India,2006-02-14T22:04:37.000Z,2006-02-15T04:57:20.000Z
357,KEITH,RICO,KEITH.RICO@sakilacustomer.org,1,482 Kowloon and New Kowloon Manor,Bratislava,97056,Bratislava,Slovakia,2006-02-14T22:04:37.000Z,2006-02-15T04:57:20.000Z
358,SAMUEL,MARLOW,SAMUEL.MARLOW@sakilacustomer.org,1,604 Bern Place,Jharkhand,5373,Ranchi,India,2006-02-14T22:04:37.000Z,2006-02-15T04:57:20.000Z
359,WILLIE,MARKHAM,WILLIE.MARKHAM@sakilacustomer.org,1,1623 Kingstown Drive,Buenos Aires,91299,Almirante Brown,Argentina,2006-02-14T22:04:37.000Z,2006-02-15T04:57:20.000Z
360,RALPH,MADRIGAL,RALPH.MADRIGAL@sakilacustomer.org,1,1009 Zanzibar Lane,Arecibo,64875,Arecibo,Puerto Rico,2006-02-14T22:04:37.000Z,2006-02-15T04:57:20.000Z
361,LAWRENCE,LAWTON,LAWRENCE.LAWTON@sakilacustomer.org,1,114 Jalib al-Shuyukh Manor,Centre,60440,Yaoundé,Cameroon,2006-02-14T22:04:37.000Z,2006-02-15T04:57:20.000Z
362,NICHOLAS,BARFIELD,NICHOLAS.BARFIELD@sakilacustomer.org,1,1163 London Parkway,Par,6066,Belém,Brazil,2006-02-14T22:04:37.000Z,2006-02-15T04:57:20.000Z
363,ROY,WHITING,ROY.WHITING@sakilacustomer.org,1,1658 Jastrzebie-Zdrój Loop,Central,96584,Nyeri,Kenya,2006-02-14T22:04:37.000Z,2006-02-15T04:57:20.000Z
364,BENJAMIN,VARNEY,BENJAMIN.VARNEY@sakilacustomer.org,1,817 Laredo Avenue,Jalisco,77449,Guadalajara,Mexico,2006-02-14T22:04:37.000Z,2006-02-15T04:57:20.000Z
365,BRUCE,SCHWARZ,BRUCE.SCHWARZ@sakilacustomer.org,1,1565 Tangail Manor,Okinawa,45750,Okinawa,Japan,2006-02-14T22:04:37.000Z,2006-02-15T04:57:20.000Z
366,BRANDON,HUEY,BRANDON.HUEY@sakilacustomer.org,1,1912 Emeishan Drive,Balikesir,33050,Balikesir,Turkey,2006-02-14T22:04:37.000Z,2006-02-15T04:57:20.000Z
367,ADAM,GOOCH,ADAM.GOOCH@sakilacustomer.org,1,230 Urawa Drive,Andhra Pradesh,2738,Adoni,India,2006-02-14T22:04:37.000Z,2006-02-15T04:57:20.000Z
368,HARRY,ARCE,HARRY.ARCE@sakilacustomer.org,0,1922 Miraj Way,Esfahan,13203,Najafabad,Iran,2006-02-14T22:04:37.000Z,2006-02-15T04:57:20.000Z
369,FRED,WHEAT,FRED.WHEAT@sakilacustomer.org,1,433 Florencia Street,Chihuahua,91330,Juárez,Mexico,2006-02-14T22:04:37.000Z,2006-02-15T04:57:20.000Z
370,WAYNE,TRUONG,WAYNE.TRUONG@sakilacustomer.org,1,1049 Matamoros Parkway,Karnataka,69640,Gulbarga,India,2006-02-14T22:04:37.000Z,2006-02-15T04:57:20.000Z
371,BILLY,POULIN,BILLY.POULIN@sakilacustomer.org,1,1061 Ede Avenue,Southern Tagalog,57810,Cabuyao,Philippines,2006-02-14T22:04:37.000Z,2006-02-15T04:57:20.000Z
372,STEVE,MACKENZIE,STEVE.MACKENZIE@sakilacustomer.org,1,154 Oshawa Manor,East Java,72771,Probolinggo,Indonesia,2006-02-14T22:04:37.000Z,2006-02-15T04:57:20.000Z
373,LOUIS,LEONE,LOUIS.LEONE@sakilacustomer.org,1,1191 Tandil Drive,Southern Tagalog,6362,Tanauan,Philippines,2006-02-14T22:04:37.000Z,2006-02-15T04:57:20.000Z
374,JEREMY,HURTADO,JEREMY.HURTADO@sakilacustomer.org,1,1133 Rizhao Avenue,Pernambuco,2800,Vitória de Santo Antão,Brazil,2006-02-14T22:04:37.000Z,2006-02-15T04:57:20.000Z
375,AARON,SELBY,AARON.SELBY@sakilacustomer.org,1,1519 Santiago de los Caballeros Loop,East Kasai,22025,Mwene-Ditu,"Congo, The Democratic Republic of the",2006-02-14T22:04:37.000Z,2006-02-15T04:57:20.000Z
376,RANDY,GAITHER,RANDY.GAITHER@sakilacustomer.org,1,1618 Olomouc Manor,Kurgan,26385,Kurgan,Russian Federation,2006-02-14T22:04:37.000Z,2006-02-15T04:57:20.000Z
377,HOWARD,FORTNER,HOWARD.FORTNER@sakilacustomer.org,1,220 Hidalgo Drive,Kermanshah,45298,Kermanshah,Iran,2006-02-14T22:04:37.000Z,2006-02-15T04:57:20.000Z
378,EUGENE,CULPEPPER,EUGENE.CULPEPPER@sakilacustomer.org,1,686 Donostia-San Sebastián Lane,Guangdong,97390,Shenzhen,China,2006-02-14T22:04:37.000Z,2006-02-15T04:57:20.000Z
379,CARLOS,COUGHLIN,CARLOS.COUGHLIN@sakilacustomer.org,1,97 Mogiljov Lane,Gujarat,89294,Bhavnagar,India,2006-02-14T22:04:37.000Z,2006-02-15T04:57:20.000Z
380,RUSSELL,BRINSON,RUSSELL.BRINSON@sakilacustomer.org,1,1642 Charlotte Amalie Drive,Slaskie,75442,Tychy,Poland,2006-02-14T22:04:37.000Z,2006-02-15T04:57:20.000Z
381,BOBBY,BOUDREAU,BOBBY.BOUDREAU@sakilacustomer.org,1,1368 Maracaíbo Boulevard,"",32716,South Hill,Anguilla,2006-02-14T22:04:37.000Z,2006-02-15T04:57:20.000Z
382,VICTOR,BARKLEY,VICTOR.BARKLEY@sakilacustomer.org,1,401 Sucre Boulevard,New Hampshire,25007,Manchester,United States,2006-02-14T22:04:37.000Z,2006-02-15T04:57:20.000Z
383,MARTIN,BALES,MARTIN.BALES@sakilacustomer.org,1,368 Huánuco Boulevard,Namibe,17165,Namibe,Angola,2006-02-14T22:04:37.000Z,2006-02-15T04:57:20.000Z
384,ERNEST,STEPP,ERNEST.STEPP@sakilacustomer.org,1,500 Lincoln Parkway,Ji´angsu,95509,Huai´an,China,2006-02-14T22:04:37.000Z,2006-02-15T04:57:20.000Z
385,PHILLIP,HOLM,PHILLIP.HOLM@sakilacustomer.org,1,102 Chapra Drive,Ibaragi,14073,Tama,Japan,2006-02-14T22:04:37.000Z,2006-02-15T04:57:20.000Z
386,TODD,TAN,TODD.TAN@sakilacustomer.org,1,1793 Meixian Place,Hmelnytskyi,33535,Kamjanets-Podilskyi,Ukraine,2006-02-14T22:04:37.000Z,2006-02-15T04:57:20.000Z
387,JESSE,SCHILLING,JESSE.SCHILLING@sakilacustomer.org,1,514 Ife Way,Shaba,69973,Lubumbashi,"Congo, The Democratic Republic of the",2006-02-14T22:04:37.000Z,2006-02-15T04:57:20.000Z
388,CRAIG,MORRELL,CRAIG.MORRELL@sakilacustomer.org,1,717 Changzhou Lane,Southern Tagalog,21615,Cavite,Philippines,2006-02-14T22:04:37.000Z,2006-02-15T04:57:20.000Z
389,ALAN,KAHN,ALAN.KAHN@sakilacustomer.org,1,753 Ilorin Avenue,Sichuan,3656,Emeishan,China,2006-02-14T22:04:37.000Z,2006-02-15T04:57:20.000Z
390,SHAWN,HEATON,SHAWN.HEATON@sakilacustomer.org,1,1337 Mit Ghamr Avenue,Nakhon Sawan,29810,Nakhon Sawan,Thailand,2006-02-14T22:04:37.000Z,2006-02-15T04:57:20.000Z
391,CLARENCE,GAMEZ,CLARENCE.GAMEZ@sakilacustomer.org,1,767 Pyongyang Drive,Osaka,83536,Izumisano,Japan,2006-02-14T22:04:37.000Z,2006-02-15T04:57:20.000Z
392,SEAN,DOUGLASS,SEAN.DOUGLASS@sakilacustomer.org,1,614 Pak Kret Street,Addis Abeba,27796,Addis Abeba,Ethiopia,2006-02-14T22:04:37.000Z,2006-02-15T04:57:20.000Z
393,PHILIP,CAUSEY,PHILIP.CAUSEY@sakilacustomer.org,1,954 Lapu-Lapu Way,Moskova,8816,Korolev,Russian Federation,2006-02-14T22:04:37.000Z,2006-02-15T04:57:20.000Z
394,CHRIS,BROTHERS,CHRIS.BROTHERS@sakilacustomer.org,1,331 Bydgoszcz Parkway,Asturia,966,Gijón,Spain,2006-02-14T22:04:37.000Z,2006-02-15T04:57:20.000Z
395,JOHNNY,TURPIN,JOHNNY.TURPIN@sakilacustomer.org,1,1152 Citrus Heights Manor,al-Qadarif,5239,al-Qadarif,Sudan,2006-02-14T22:04:37.000Z,2006-02-15T04:57:20.000Z
396,EARL,SHANKS,EARL.SHANKS@sakilacustomer.org,1,168 Cianjur Manor,Saitama,73824,Iwatsuki,Japan,2006-02-14T22:04:37.000Z,2006-02-15T04:57:20.000Z
397,JIMMY,SCHRADER,JIMMY.SCHRADER@sakilacustomer.org,1,616 Hagonoy Avenue,Krasnojarsk,46043,Atšinsk,Russian Federation,2006-02-14T22:04:37.000Z,2006-02-15T04:57:20.000Z
398,ANTONIO,MEEK,ANTONIO.MEEK@sakilacustomer.org,1,1190 0 Place,Rio Grande do Sul,10417,Bagé,Brazil,2006-02-14T22:04:37.000Z,2006-02-15T04:57:20.000Z
399,DANNY,ISOM,DANNY.ISOM@sakilacustomer.org,1,734 Béchar Place,Punjab,30586,Okara,Pakistan,2006-02-14T22:04:37.000Z,2006-02-15T04:57:20.000Z
400,BRYAN,HARDISON,BRYAN.HARDISON@sakilacustomer.org,1,530 Lausanne Lane,Texas,11067,Dallas,United States,2006-02-14T22:04:37.000Z,2006-02-15T04:57:20.000Z
401,TONY,CARRANZA,TONY.CARRANZA@sakilacustomer.org,1,454 Patiala Lane,Fukushima,13496,Koriyama,Japan,2006-02-14T22:04:37.000Z,2006-02-15T04:57:20.000Z
402,LUIS,YANEZ,LUIS.YANEZ@sakilacustomer.org,1,1346 Mysore Drive,Bretagne,61507,Brest,France,2006-02-14T22:04:37.000Z,2006-02-15T04:57:20.000Z
403,MIKE,WAY,MIKE.WAY@sakilacustomer.org,1,990 Etawah Loop,Tamil Nadu,79940,Valparai,India,2006-02-14T22:04:37.000Z,2006-02-15T04:57:20.000Z
404,STANLEY,SCROGGINS,STANLEY.SCROGGINS@sakilacustomer.org,1,1266 Laredo Parkway,Saitama,7664,Omiya,Japan,2006-02-14T22:04:37.000Z,2006-02-15T04:57:20.000Z
405,LEONARD,SCHOFIELD,LEONARD.SCHOFIELD@sakilacustomer.org,1,88 Nagaon Manor,Buenos Aires,86868,Tandil,Argentina,2006-02-14T22:04:37.000Z,2006-02-15T04:57:20.000Z
406,NATHAN,RUNYON,NATHAN.RUNYON@sakilacustomer.org,0,264 Bhimavaram Manor,St Thomas,54749,Charlotte Amalie,"Virgin Islands, U.S.",2006-02-14T22:04:37.000Z,2006-02-15T04:57:20.000Z
407,DALE,RATCLIFF,DALE.RATCLIFF@sakilacustomer.org,1,1639 Saarbrücken Drive,North West,9827,Rustenburg,South Africa,2006-02-14T22:04:37.000Z,2006-02-15T04:57:20.000Z
408,MANUEL,MURRELL,MANUEL.MURRELL@sakilacustomer.org,1,692 Amroha Drive,Northern,35575,Jaffna,Sri Lanka,2006-02-14T22:04:37.000Z,2006-02-15T04:57:20.000Z
409,RODNEY,MOELLER,RODNEY.MOELLER@sakilacustomer.org,1,1936 Lapu-Lapu Parkway,Bauchi & Gombe,7122,Deba Habe,Nigeria,2006-02-14T22:04:37.000Z,2006-02-15T04:57:20.000Z
410,CURTIS,IRBY,CURTIS.IRBY@sakilacustomer.org,1,432 Garden Grove Street,Ontario,65630,Richmond Hill,Canada,2006-02-14T22:04:37.000Z,2006-02-15T04:57:20.000Z
411,NORMAN,CURRIER,NORMAN.CURRIER@sakilacustomer.org,1,1445 Carmen Parkway,West Java,70809,Cianjur,Indonesia,2006-02-14T22:04:37.000Z,2006-02-15T04:57:20.000Z
412,ALLEN,BUTTERFIELD,ALLEN.BUTTERFIELD@sakilacustomer.org,1,791 Salinas Street,Punjab,40509,Hoshiarpur,India,2006-02-14T22:04:37.000Z,2006-02-15T04:57:20.000Z
413,MARVIN,YEE,MARVIN.YEE@sakilacustomer.org,1,126 Acuña Parkway,West Bengali,58888,Berhampore (Baharampur),India,2006-02-14T22:04:37.000Z,2006-02-15T04:57:20.000Z
414,VINCENT,RALSTON,VINCENT.RALSTON@sakilacustomer.org,1,397 Sunnyvale Avenue,Guanajuato,55566,Allende,Mexico,2006-02-14T22:04:37.000Z,2006-02-15T04:57:20.000Z
415,GLENN,PULLEN,GLENN.PULLEN@sakilacustomer.org,1,992 Klerksdorp Loop,Utrecht,33711,Amersfoort,Netherlands,2006-02-14T22:04:37.000Z,2006-02-15T04:57:20.000Z
416,JEFFERY,PINSON,JEFFERY.PINSON@sakilacustomer.org,1,966 Arecibo Loop,Sind,94018,Dadu,Pakistan,2006-02-14T22:04:37.000Z,2006-02-15T04:57:20.000Z
417,TRAVIS,ESTEP,TRAVIS.ESTEP@sakilacustomer.org,1,289 Santo André Manor,al-Sharqiya,72410,al-Qatif,Saudi Arabia,2006-02-14T22:04:37.000Z,2006-02-15T04:57:20.000Z
418,JEFF,EAST,JEFF.EAST@sakilacustomer.org,1,437 Chungho Drive,Puerto Plata,59489,San Felipe de Puerto Plata,Dominican Republic,2006-02-14T22:04:37.000Z,2006-02-15T04:57:20.000Z
419,CHAD,CARBONE,CHAD.CARBONE@sakilacustomer.org,1,1948 Bayugan Parkway,Bihar,60622,Katihar,India,2006-02-14T22:04:37.000Z,2006-02-15T04:57:20.000Z
420,JACOB,LANCE,JACOB.LANCE@sakilacustomer.org,1,1866 al-Qatif Avenue,California,89420,El Monte,United States,2006-02-14T22:04:37.000Z,2006-02-15T04:57:20.000Z
421,LEE,HAWKS,LEE.HAWKS@sakilacustomer.org,1,1661 Abha Drive,Tamil Nadu,14400,Pudukkottai,India,2006-02-14T22:04:37.000Z,2006-02-15T04:57:20.000Z
422,MELVIN,ELLINGTON,MELVIN.ELLINGTON@sakilacustomer.org,1,1557 Cape Coral Parkway,Hubei,46875,Laohekou,China,2006-02-14T22:04:37.000Z,2006-02-15T04:57:20.000Z
423,ALFRED,CASILLAS,ALFRED.CASILLAS@sakilacustomer.org,1,1727 Matamoros Place,Sawhaj,78813,Sawhaj,Egypt,2006-02-14T22:04:37.000Z,2006-02-15T04:57:20.000Z
424,KYLE,SPURLOCK,KYLE.SPURLOCK@sakilacustomer.org,1,1269 Botosani Manor,Guangdong,47394,Shanwei,China,2006-02-14T22:04:37.000Z,2006-02-15T04:57:20.000Z
425,FRANCIS,SIKES,FRANCIS.SIKES@sakilacustomer.org,1,355 Vitória de Santo Antão Way,Oaxaca,81758,San Juan Bautista Tuxtepec,Mexico,2006-02-14T22:04:37.000Z,2006-02-15T04:57:20.000Z
426,BRADLEY,MOTLEY,BRADLEY.MOTLEY@sakilacustomer.org,1,1596 Acuña Parkway,Jharkhand,70425,Purnea (Purnia),India,2006-02-14T22:04:37.000Z,2006-02-15T04:57:20.000Z
427,JESUS,MCCARTNEY,JESUS.MCCARTNEY@sakilacustomer.org,1,259 Ipoh Drive,São Paulo,64964,Guarujá,Brazil,2006-02-14T22:04:37.000Z,2006-02-15T04:57:20.000Z
428,HERBERT,KRUGER,HERBERT.KRUGER@sakilacustomer.org,1,1823 Hoshiarpur Lane,Komi,33191,Syktyvkar,Russian Federation,2006-02-14T22:04:37.000Z,2006-02-15T04:57:20.000Z
429,FREDERICK,ISBELL,FREDERICK.ISBELL@sakilacustomer.org,1,1404 Taguig Drive,Okayama,87212,Tsuyama,Japan,2006-02-14T22:04:37.000Z,2006-02-15T04:57:20.000Z
430,RAY,HOULE,RAY.HOULE@sakilacustomer.org,1,740 Udaipur Lane,Nizni Novgorod,33505,Dzerzinsk,Russian Federation,2006-02-14T22:04:37.000Z,2006-02-15T04:57:20.000Z
431,JOEL,FRANCISCO,JOEL.FRANCISCO@sakilacustomer.org,1,287 Cuautla Boulevard,Chuquisaca,72736,Sucre,Bolivia,2006-02-14T22:04:37.000Z,2006-02-15T04:57:20.000Z
432,EDWIN,BURK,EDWIN.BURK@sakilacustomer.org,1,1766 Almirante Brown Street,KwaZulu-Natal,63104,Newcastle,South Africa,2006-02-14T22:04:37.000Z,2006-02-15T04:57:20.000Z
433,DON,BONE,DON.BONE@sakilacustomer.org,1,596 Huixquilucan Place,Nampula,65892,Naçala-Porto,Mozambique,2006-02-14T22:04:37.000Z,2006-02-15T04:57:20.000Z
434,EDDIE,TOMLIN,EDDIE.TOMLIN@sakilacustomer.org,1,1351 Aparecida de Goiânia Parkway,Northern Mindanao,41775,Ozamis,Philippines,2006-02-14T22:04:37.000Z,2006-02-15T04:57:20.000Z
435,RICKY,SHELBY,RICKY.SHELBY@sakilacustomer.org,1,722 Bradford Lane,Shandong,90920,Junan,China,2006-02-14T22:04:37.000Z,2006-02-15T04:57:20.000Z
436,TROY,QUIGLEY,TROY.QUIGLEY@sakilacustomer.org,1,983 Santa Fé Way,British Colombia,47472,Vancouver,Canada,2006-02-14T22:04:37.000Z,2006-02-15T04:57:20.000Z
437,RANDALL,NEUMANN,RANDALL.NEUMANN@sakilacustomer.org,1,1245 Ibirité Way,La Romana,40926,La Romana,Dominican Republic,2006-02-14T22:04:37.000Z,2006-02-15T04:57:20.000Z
438,BARRY,LOVELACE,BARRY.LOVELACE@sakilacustomer.org,1,1836 Korla Parkway,Copperbelt,55405,Kitwe,Zambia,2006-02-14T22:04:37.000Z,2006-02-15T04:57:20.000Z
439,ALEXANDER,FENNELL,ALEXANDER.FENNELL@sakilacustomer.org,1,231 Kaliningrad Place,Lombardia,57833,Bergamo,Italy,2006-02-14T22:04:37.000Z,2006-02-15T04:57:20.000Z
440,BERNARD,COLBY,BERNARD.COLBY@sakilacustomer.org,1,495 Bhimavaram Lane,Maharashtra,3,Dhule (Dhulia),India,2006-02-14T22:04:37.000Z,2006-02-15T04:57:20.000Z
441,MARIO,CHEATHAM,MARIO.CHEATHAM@sakilacustomer.org,1,1924 Shimonoseki Drive,Batna,52625,Batna,Algeria,2006-02-14T22:04:37.000Z,2006-02-15T04:57:20.000Z
442,LEROY,BUSTAMANTE,LEROY.BUSTAMANTE@sakilacustomer.org,1,105 Dzerzinsk Manor,Inner Mongolia,48570,Tongliao,China,2006-02-14T22:04:37.000Z,2006-02-15T04:57:20.000Z
443,FRANCISCO,SKIDMORE,FRANCISCO.SKIDMORE@sakilacustomer.org,1,614 Denizli Parkway,Rio Grande do Sul,29444,São Leopoldo,Brazil,2006-02-14T22:04:37.000Z,2006-02-15T04:57:20.000Z
444,MARCUS,HIDALGO,MARCUS.HIDALGO@sakilacustomer.org,1,1289 Belém Boulevard,Tartumaa,88306,Tartu,Estonia,2006-02-14T22:04:37.000Z,2006-02-15T04:57:20.000Z
445,MICHEAL,FORMAN,MICHEAL.FORMAN@sakilacustomer.org,1,203 Tambaram Street,Buenos Aires,73942,Escobar,Argentina,2006-02-14T22:04:37.000Z,2006-02-15T04:57:20.000Z
446,THEODORE,CULP,THEODORE.CULP@sakilacustomer.org,0,1704 Tambaram Manor,West Bengali,2834,Uluberia,India,2006-02-14T22:04:37.000Z,2006-02-15T04:57:20.000Z
447,CLIFFORD,BOWENS,CLIFFORD.BOWENS@sakilacustomer.org,1,207 Cuernavaca Loop,Tatarstan,52671,Nabereznyje Tšelny,Russian Federation,2006-02-14T22:04:37.000Z,2006-02-15T04:57:20.000Z
448,MIGUEL,BETANCOURT,MIGUEL.BETANCOURT@sakilacustomer.org,1,319 Springs Loop,Baijeri,99552,Erlangen,Germany,2006-02-14T22:04:37.000Z,2006-02-15T04:57:20.000Z
449,OSCAR,AQUINO,OSCAR.AQUINO@sakilacustomer.org,1,956 Nam Dinh Manor,Kerman,21872,Sirjan,Iran,2006-02-14T22:04:37.000Z,2006-02-15T04:57:20.000Z
450,JAY,ROBB,JAY.ROBB@sakilacustomer.org,1,1947 Paarl Way,Central Java,23636,Surakarta,Indonesia,2006-02-14T22:04:37.000Z,2006-02-15T04:57:20.000Z
451,JIM,REA,JIM.REA@sakilacustomer.org,1,814 Simferopol Loop,Sinaloa,48745,El Fuerte,Mexico,2006-02-14T22:04:37.000Z,2006-02-15T04:57:20.000Z
452,TOM,MILNER,TOM.MILNER@sakilacustomer.org,1,535 Ahmadnagar Manor,Abu Dhabi,41136,Abu Dhabi,United Arab Emirates,2006-02-14T22:04:37.000Z,2006-02-15T04:57:20.000Z
453,CALVIN,MARTEL,CALVIN.MARTEL@sakilacustomer.org,1,138 Caracas Boulevard,Zulia,16790,Maracaíbo,Venezuela,2006-02-14T22:04:37.000Z,2006-02-15T04:57:20.000Z
454,ALEX,GRESHAM,ALEX.GRESHAM@sakilacustomer.org,1,251 Florencia Drive,Michoacn de Ocampo,16119,Uruapan,Mexico,2006-02-14T22:04:37.000Z,2006-02-15T04:57:20.000Z
455,JON,WILES,JON.WILES@sakilacustomer.org,1,659 Gatineau Boulevard,La Paz,28587,El Alto,Bolivia,2006-02-14T22:04:37.000Z,2006-02-15T04:57:20.000Z
456,RONNIE,RICKETTS,RONNIE.RICKETTS@sakilacustomer.org,1,1889 Valparai Way,Ziguinchor,75559,Ziguinchor,Senegal,2006-02-14T22:04:37.000Z,2006-02-15T04:57:20.000Z
457,BILL,GAVIN,BILL.GAVIN@sakilacustomer.org,1,1485 Bratislava Place,Illinois,83183,Rockford,United States,2006-02-14T22:04:37.000Z,2006-02-15T04:57:20.000Z
458,LLOYD,DOWD,LLOYD.DOWD@sakilacustomer.org,1,935 Aden Boulevard,Central Java,64709,Tegal,Indonesia,2006-02-14T22:04:37.000Z,2006-02-15T04:57:20.000Z
459,TOMMY,COLLAZO,TOMMY.COLLAZO@sakilacustomer.org,1,76 Kermanshah Manor,Esfahan,23343,Qomsheh,Iran,2006-02-14T22:04:37.000Z,2006-02-15T04:57:20.000Z
460,LEON,BOSTIC,LEON.BOSTIC@sakilacustomer.org,1,734 Tanshui Avenue,Caquet,70664,Florencia,Colombia,2006-02-14T22:04:37.000Z,2006-02-15T04:57:20.000Z
461,DEREK,BLAKELY,DEREK.BLAKELY@sakilacustomer.org,1,118 Jaffna Loop,Northern Mindanao,10447,Gingoog,Philippines,2006-02-14T22:04:37.000Z,2006-02-15T04:57:20.000Z
462,WARREN,SHERROD,WARREN.SHERROD@sakilacustomer.org,1,1621 Tongliao Avenue,Irkutsk,22173,Usolje-Sibirskoje,Russian Federation,2006-02-14T22:04:37.000Z,2006-02-15T04:57:20.000Z
463,DARRELL,POWER,DARRELL.POWER@sakilacustomer.org,1,1844 Usak Avenue,Nova Scotia,84461,Halifax,Canada,2006-02-14T22:04:37.000Z,2006-02-15T04:57:20.000Z
464,JEROME,KENYON,JEROME.KENYON@sakilacustomer.org,1,1872 Toulon Loop,OHiggins,7939,Rancagua,Chile,2006-02-14T22:04:37.000Z,2006-02-15T04:57:20.000Z
465,FLOYD,GANDY,FLOYD.GANDY@sakilacustomer.org,1,1088 Ibirité Place,Jalisco,88502,Zapopan,Mexico,2006-02-14T22:04:37.000Z,2006-02-15T04:57:20.000Z
466,LEO,EBERT,LEO.EBERT@sakilacustomer.org,1,1322 Mosul Parkway,Shandong,95400,Dongying,China,2006-02-14T22:04:37.000Z,2006-02-15T04:57:20.000Z
467,ALVIN,DELOACH,ALVIN.DELOACH@sakilacustomer.org,1,1447 Chatsworth Place,Chihuahua,41545,Cuauhtémoc,Mexico,2006-02-14T22:04:37.000Z,2006-02-15T04:57:20.000Z
468,TIM,CARY,TIM.CARY@sakilacustomer.org,1,1257 Guadalajara Street,Karnataka,33599,Bijapur,India,2006-02-14T22:04:37.000Z,2006-02-15T04:57:20.000Z
469,WESLEY,BULL,WESLEY.BULL@sakilacustomer.org,1,1469 Plock Lane,Galicia,95835,Ourense (Orense),Spain,2006-02-14T22:04:37.000Z,2006-02-15T04:57:20.000Z
470,GORDON,ALLARD,GORDON.ALLARD@sakilacustomer.org,1,434 Ourense (Orense) Manor,Hodeida,14122,Hodeida,Yemen,2006-02-14T22:04:37.000Z,2006-02-15T04:57:20.000Z
471,DEAN,SAUER,DEAN.SAUER@sakilacustomer.org,1,270 Tambaram Parkway,Gauteng,9668,Johannesburg,South Africa,2006-02-14T22:04:37.000Z,2006-02-15T04:57:20.000Z
472,GREG,ROBINS,GREG.ROBINS@sakilacustomer.org,1,1786 Salinas Place,Nam Ha,66546,Nam Dinh,Vietnam,2006-02-14T22:04:37.000Z,2006-02-15T04:57:20.000Z
473,JORGE,OLIVARES,JORGE.OLIVARES@sakilacustomer.org,1,1078 Stara Zagora Drive,Aceh,69221,Lhokseumawe,Indonesia,2006-02-14T22:04:37.000Z,2006-02-15T04:57:20.000Z
474,DUSTIN,GILLETTE,DUSTIN.GILLETTE@sakilacustomer.org,1,1854 Okara Boulevard,Drenthe,42123,Emmen,Netherlands,2006-02-14T22:04:37.000Z,2006-02-15T04:57:20.000Z
475,PEDRO,CHESTNUT,PEDRO.CHESTNUT@sakilacustomer.org,1,421 Yaoundé Street,Sumy,11363,Šostka,Ukraine,2006-02-14T22:04:37.000Z,2006-02-15T04:57:20.000Z
476,DERRICK,BOURQUE,DERRICK.BOURQUE@sakilacustomer.org,1,1153 Allende Way,Québec,20336,Gatineau,Canada,2006-02-14T22:04:37.000Z,2006-02-15T04:57:20.000Z
477,DAN,PAINE,DAN.PAINE@sakilacustomer.org,1,808 Naçala-Porto Parkway,England,41060,Stockport,United Kingdom,2006-02-14T22:04:37.000Z,2006-02-15T04:57:20.000Z
478,LEWIS,LYMAN,LEWIS.LYMAN@sakilacustomer.org,1,632 Usolje-Sibirskoje Parkway,Ha Darom,73085,Ashqelon,Israel,2006-02-14T22:04:37.000Z,2006-02-15T04:57:20.000Z
479,ZACHARY,HITE,ZACHARY.HITE@sakilacustomer.org,1,98 Pyongyang Boulevard,Ohio,88749,Akron,United States,2006-02-14T22:04:37.000Z,2006-02-15T04:57:20.000Z
480,COREY,HAUSER,COREY.HAUSER@sakilacustomer.org,1,984 Novotšerkassk Loop,Gaziantep,28165,Gaziantep,Turkey,2006-02-14T22:04:37.000Z,2006-02-15T04:57:20.000Z
481,HERMAN,DEVORE,HERMAN.DEVORE@sakilacustomer.org,1,64 Korla Street,Mwanza,25145,Mwanza,Tanzania,2006-02-14T22:04:37.000Z,2006-02-15T04:57:20.000Z
482,MAURICE,CRAWLEY,MAURICE.CRAWLEY@sakilacustomer.org,0,1785 São Bernardo do Campo Street,Veracruz,71182,Coatzacoalcos,Mexico,2006-02-14T22:04:37.000Z,2006-02-15T04:57:20.000Z
483,VERNON,CHAPA,VERNON.CHAPA@sakilacustomer.org,1,698 Jelets Boulevard,Denizli,2596,Denizli,Turkey,2006-02-14T22:04:37.000Z,2006-02-15T04:57:20.000Z
484,ROBERTO,VU,ROBERTO.VU@sakilacustomer.org,1,1297 Alvorada Parkway,Ningxia,11839,Yinchuan,China,2006-02-14T22:04:37.000Z,2006-02-15T04:57:20.000Z
485,CLYDE,TOBIAS,CLYDE.TOBIAS@sakilacustomer.org,1,1909 Dayton Avenue,Guangdong,88513,Shaoguan,China,2006-02-14T22:04:37.000Z,2006-02-15T04:57:20.000Z
486,GLEN,TALBERT,GLEN.TALBERT@sakilacustomer.org,1,1789 Saint-Denis Parkway,Coahuila de Zaragoza,8268,Acuña,Mexico,2006-02-14T22:04:37.000Z,2006-02-15T04:57:20.000Z
487,HECTOR,POINDEXTER,HECTOR.POINDEXTER@sakilacustomer.org,1,185 Mannheim Lane,Stavropol,23661,Pjatigorsk,Russian Federation,2006-02-14T22:04:37.000Z,2006-02-15T04:57:20.000Z
488,SHANE,MILLARD,SHANE.MILLARD@sakilacustomer.org,1,184 Mandaluyong Street,Baja California Sur,94239,La Paz,Mexico,2006-02-14T22:04:37.000Z,2006-02-15T04:57:20.000Z
489,RICARDO,MEADOR,RICARDO.MEADOR@sakilacustomer.org,1,591 Sungai Petani Drive,Okayama,46400,Okayama,Japan,2006-02-14T22:04:37.000Z,2006-02-15T04:57:20.000Z
490,SAM,MCDUFFIE,SAM.MCDUFFIE@sakilacustomer.org,1,656 Matamoros Drive,Boyac,19489,Sogamoso,Colombia,2006-02-14T22:04:37.000Z,2006-02-15T04:57:20.000Z
491,RICK,MATTOX,RICK.MATTOX@sakilacustomer.org,1,775 Šostka Drive,al-Daqahliya,22358,Mit Ghamr,Egypt,2006-02-14T22:04:37.000Z,2006-02-15T04:57:20.000Z
492,LESTER,KRAUS,LESTER.KRAUS@sakilacustomer.org,1,1013 Tabuk Boulevard,West Bengali,96203,Kanchrapara,India,2006-02-14T22:04:37.000Z,2006-02-15T04:57:20.000Z
493,BRENT,HARKINS,BRENT.HARKINS@sakilacustomer.org,1,319 Plock Parkway,Istanbul,26101,Sultanbeyli,Turkey,2006-02-14T22:04:37.000Z,2006-02-15T04:57:20.000Z
494,RAMON,CHOATE,RAMON.CHOATE@sakilacustomer.org,1,1954 Kowloon and New Kowloon Way,Chimborazo,63667,Ríobamba,Ecuador,2006-02-14T22:04:37.000Z,2006-02-15T04:57:20.000Z
495,CHARLIE,BESS,CHARLIE.BESS@sakilacustomer.org,1,362 Rajkot Lane,Gansu,98030,Baiyin,China,2006-02-14T22:04:37.000Z,2006-02-15T04:57:20.000Z
496,TYLER,WREN,TYLER.WREN@sakilacustomer.org,1,1060 Tandil Lane,Shandong,72349,Rizhao,China,2006-02-14T22:04:37.000Z,2006-02-15T04:57:20.000Z
497,GILBERT,SLEDGE,GILBERT.SLEDGE@sakilacustomer.org,1,1515 Korla Way,England,57197,York,United Kingdom,2006-02-14T22:04:37.000Z,2006-02-15T04:57:20.000Z
498,GENE,SANBORN,GENE.SANBORN@sakilacustomer.org,1,1416 San Juan Bautista Tuxtepec Avenue,Zufar,50592,Salala,Oman,2006-02-14T22:04:37.000Z,2006-02-15T04:57:20.000Z
499,MARC,OUTLAW,MARC.OUTLAW@sakilacustomer.org,1,1 Valle de Santiago Avenue,Apulia,86208,Brindisi,Italy,2006-02-14T22:04:37.000Z,2006-02-15T04:57:20.000Z
500,REGINALD,KINDER,REGINALD.KINDER@sakilacustomer.org,1,519 Brescia Parkway,East Java,69504,Madiun,Indonesia,2006-02-14T22:04:37.000Z,2006-02-15T04:57:20.000Z
501,RUBEN,GEARY,RUBEN.GEARY@sakilacustomer.org,1,414 Mandaluyong Street,Lubelskie,16370,Lublin,Poland,2006-02-14T22:04:37.000Z,2006-02-15T04:57:20.000Z
502,BRETT,CORNWELL,BRETT.CORNWELL@sakilacustomer.org,1,1197 Sokoto Boulevard,West Bengali,87687,Siliguri (Shiliguri),India,2006-02-14T22:04:37.000Z,2006-02-15T04:57:20.000Z
503,ANGEL,BARCLAY,ANGEL.BARCLAY@sakilacustomer.org,1,496 Celaya Drive,Nagano,90797,Ueda,Japan,2006-02-14T22:04:37.000Z,2006-02-15T04:57:20.000Z
504,NATHANIEL,ADAM,NATHANIEL.ADAM@sakilacustomer.org,1,786 Matsue Way,Illinois,37469,Joliet,United States,2006-02-14T22:04:37.000Z,2006-02-15T04:57:20.000Z
505,RAFAEL,ABNEY,RAFAEL.ABNEY@sakilacustomer.org,1,48 Maracaíbo Place,Central Luzon,1570,Talavera,Philippines,2006-02-14T22:04:37.000Z,2006-02-15T04:57:20.000Z
506,LESLIE,SEWARD,LESLIE.SEWARD@sakilacustomer.org,1,1152 al-Qatif Lane,Kalimantan Barat,44816,Pontianak,Indonesia,2006-02-14T22:04:37.000Z,2006-02-15T04:57:20.000Z
507,EDGAR,RHOADS,EDGAR.RHOADS@sakilacustomer.org,1,1269 Ipoh Avenue,Eskisehir,54674,Eskisehir,Turkey,2006-02-14T22:04:37.000Z,2006-02-15T04:57:20.000Z
508,MILTON,HOWLAND,MILTON.HOWLAND@sakilacustomer.org,1,758 Korolev Parkway,Andhra Pradesh,75474,Vijayawada,India,2006-02-14T22:04:37.000Z,2006-02-15T04:57:20.000Z
509,RAUL,FORTIER,RAUL.FORTIER@sakilacustomer.org,1,1747 Rustenburg Place,Bihar,51369,Chapra,India,2006-02-14T22:04:37.000Z,2006-02-15T04:57:20.000Z
510,BEN,EASTER,BEN.EASTER@sakilacustomer.org,0,886 Tonghae Place,Volgograd,19450,Kamyšin,Russian Federation,2006-02-14T22:04:37.000Z,2006-02-15T04:57:20.000Z
511,CHESTER,BENNER,CHESTER.BENNER@sakilacustomer.org,1,1574 Goiânia Boulevard,Heilongjiang,39529,Suihua,China,2006-02-14T22:04:37.000Z,2006-02-15T04:57:20.000Z
512,CECIL,VINES,CECIL.VINES@sakilacustomer.org,1,548 Uruapan Street,Ontario,35653,London,United Kingdom,2006-02-14T22:04:37.000Z,2006-02-15T04:57:20.000Z
513,DUANE,TUBBS,DUANE.TUBBS@sakilacustomer.org,1,962 Tama Loop,"",65952,Yangor,Nauru,2006-02-14T22:04:37.000Z,2006-02-15T04:57:20.000Z
514,FRANKLIN,TROUTMAN,FRANKLIN.TROUTMAN@sakilacustomer.org,1,1778 Gijón Manor,Hubei,35156,Zaoyang,China,2006-02-14T22:04:37.000Z,2006-02-15T04:57:20.000Z
515,ANDRE,RAPP,ANDRE.RAPP@sakilacustomer.org,1,568 Dhule (Dhulia) Loop,Coquimbo,92568,Coquimbo,Chile,2006-02-14T22:04:37.000Z,2006-02-15T04:57:20.000Z
516,ELMER,NOE,ELMER.NOE@sakilacustomer.org,1,1768 Udine Loop,Battambang,32347,Battambang,Cambodia,2006-02-14T22:04:37.000Z,2006-02-15T04:57:20.000Z
517,BRAD,MCCURDY,BRAD.MCCURDY@sakilacustomer.org,1,608 Birgunj Parkway,Taipei,400,Chungho,Taiwan,2006-02-14T22:04:37.000Z,2006-02-15T04:57:20.000Z
518,GABRIEL,HARDER,GABRIEL.HARDER@sakilacustomer.org,1,680 A Coruña (La Coruña) Manor,Sivas,49806,Sivas,Turkey,2006-02-14T22:04:37.000Z,2006-02-15T04:57:20.000Z
519,RON,DELUCA,RON.DELUCA@sakilacustomer.org,1,1949 Sanya Street,Gumma,61244,Isesaki,Japan,2006-02-14T22:04:37.000Z,2006-02-15T04:57:20.000Z
520,MITCHELL,WESTMORELAND,MITCHELL.WESTMORELAND@sakilacustomer.org,1,617 Klerksdorp Place,Khanh Hoa,94707,Nha Trang,Vietnam,2006-02-14T22:04:37.000Z,2006-02-15T04:57:20.000Z
521,ROLAND,SOUTH,ROLAND.SOUTH@sakilacustomer.org,1,1993 0 Loop,Liaoning,41214,Yingkou,China,2006-02-14T22:04:37.000Z,2006-02-15T04:57:20.000Z
522,ARNOLD,HAVENS,ARNOLD.HAVENS@sakilacustomer.org,1,1176 Southend-on-Sea Manor,Southern Tagalog,81651,Santa Rosa,Philippines,2006-02-14T22:04:37.000Z,2006-02-15T04:57:20.000Z
523,HARVEY,GUAJARDO,HARVEY.GUAJARDO@sakilacustomer.org,1,600 Purnea (Purnia) Avenue,Nghe An,18043,Vinh,Vietnam,2006-02-14T22:04:37.000Z,2006-02-15T04:57:20.000Z
524,JARED,ELY,JARED.ELY@sakilacustomer.org,1,1003 Qinhuangdao Street,West Java,25972,Purwakarta,Indonesia,2006-02-14T22:04:37.000Z,2006-02-15T04:57:20.000Z
525,ADRIAN,CLARY,ADRIAN.CLARY@sakilacustomer.org,1,1986 Sivas Place,Friuli-Venezia Giuli,95775,Udine,Italy,2006-02-14T22:04:37.000Z,2006-02-15T04:57:20.000Z
526,KARL,SEAL,KARL.SEAL@sakilacustomer.org,1,1427 Tabuk Place,Florida,31342,Cape Coral,United States,2006-02-14T22:04:37.000Z,2006-02-15T04:57:20.000Z
527,CORY,MEEHAN,CORY.MEEHAN@sakilacustomer.org,1,556 Asunción Way,Mogiljov,35364,Mogiljov,Belarus,2006-02-14T22:04:37.000Z,2006-02-15T04:57:20.000Z
528,CLAUDE,HERZOG,CLAUDE.HERZOG@sakilacustomer.org,1,486 Ondo Parkway,Benguela,35202,Benguela,Angola,2006-02-14T22:04:37.000Z,2006-02-15T04:57:20.000Z
529,ERIK,GUILLEN,ERIK.GUILLEN@sakilacustomer.org,1,635 Brest Manor,Andhra Pradesh,40899,Bhimavaram,India,2006-02-14T22:04:37.000Z,2006-02-15T04:57:20.000Z
530,DARRYL,ASHCRAFT,DARRYL.ASHCRAFT@sakilacustomer.org,1,166 Jinchang Street,Buenos Aires,86760,Ezeiza,Argentina,2006-02-14T22:04:37.000Z,2006-02-15T04:57:20.000Z
531,JAMIE,WAUGH,JAMIE.WAUGH@sakilacustomer.org,1,958 Sagamihara Lane,Mie,88408,Kuwana,Japan,2006-02-14T22:04:37.000Z,2006-02-15T04:57:20.000Z
532,NEIL,RENNER,NEIL.RENNER@sakilacustomer.org,1,1817 Livorno Way,Khanh Hoa,79401,Cam Ranh,Vietnam,2006-02-14T22:04:37.000Z,2006-02-15T04:57:20.000Z
533,JESSIE,MILAM,JESSIE.MILAM@sakilacustomer.org,1,1332 Gaziantep Lane,Shandong,22813,Binzhou,China,2006-02-14T22:04:37.000Z,2006-02-15T04:57:20.000Z
534,CHRISTIAN,JUNG,CHRISTIAN.JUNG@sakilacustomer.org,0,949 Allende Lane,Uttar Pradesh,67521,Amroha,India,2006-02-14T22:04:37.000Z,2006-02-15T04:57:20.000Z
535,JAVIER,ELROD,JAVIER.ELROD@sakilacustomer.org,1,195 Ilorin Street,Chari-Baguirmi,49250,NDjamna,Chad,2006-02-14T22:04:37.000Z,2006-02-15T04:57:20.000Z
536,FERNANDO,CHURCHILL,FERNANDO.CHURCHILL@sakilacustomer.org,1,193 Bhusawal Place,Kang-won,9750,Tonghae,South Korea,2006-02-14T22:04:37.000Z,2006-02-15T04:57:20.000Z
537,CLINTON,BUFORD,CLINTON.BUFORD@sakilacustomer.org,1,43 Vilnius Manor,Colorado,79814,Aurora,United States,2006-02-14T22:04:37.000Z,2006-02-15T04:57:20.000Z
538,TED,BREAUX,TED.BREAUX@sakilacustomer.org,1,183 Haiphong Street,Jilin,69953,Baicheng,China,2006-02-14T22:04:37.000Z,2006-02-15T04:57:20.000Z
539,MATHEW,BOLIN,MATHEW.BOLIN@sakilacustomer.org,1,163 Augusta-Richmond County Loop,Carabobo,33030,Valencia,Venezuela,2006-02-14T22:04:37.000Z,2006-02-15T04:57:20.000Z
540,TYRONE,ASHER,TYRONE.ASHER@sakilacustomer.org,1,191 José Azueta Parkway,Ruse,13629,Ruse,Bulgaria,2006-02-14T22:04:37.000Z,2006-02-15T04:57:20.000Z
541,DARREN,WINDHAM,DARREN.WINDHAM@sakilacustomer.org,1,379 Lublin Parkway,Toscana,74568,Livorno,Italy,2006-02-14T22:04:37.000Z,2006-02-15T04:57:20.000Z
542,LONNIE,TIRADO,LONNIE.TIRADO@sakilacustomer.org,1,1658 Cumaná Loop,Sumatera Selatan,51309,Pangkal Pinang,Indonesia,2006-02-14T22:04:37.000Z,2006-02-15T04:57:20.000Z
543,LANCE,PEMBERTON,LANCE.PEMBERTON@sakilacustomer.org,1,454 Qinhuangdao Drive,Tadla-Azilal,25866,Beni-Mellal,Morocco,2006-02-14T22:04:37.000Z,2006-02-15T04:57:20.000Z
544,CODY,NOLEN,CODY.NOLEN@sakilacustomer.org,1,1715 Okayama Street,São Paulo,55676,São Bernardo do Campo,Brazil,2006-02-14T22:04:37.000Z,2006-02-15T04:57:20.000Z
545,JULIO,NOLAND,JULIO.NOLAND@sakilacustomer.org,1,182 Nuku´alofa Drive,Sumy,15414,Konotop,Ukraine,2006-02-14T22:04:37.000Z,2006-02-15T04:57:20.000Z
546,KELLY,KNOTT,KELLY.KNOTT@sakilacustomer.org,1,390 Wroclaw Way,Hainan,5753,Sanya,China,2006-02-14T22:04:37.000Z,2006-02-15T04:57:20.000Z
547,KURT,EMMONS,KURT.EMMONS@sakilacustomer.org,1,1421 Quilmes Lane,Ishikawa,19151,Kanazawa,Japan,2006-02-14T22:04:37.000Z,2006-02-15T04:57:20.000Z
548,ALLAN,CORNISH,ALLAN.CORNISH@sakilacustomer.org,1,947 Tórshavn Place,Central Luzon,841,Tarlac,Philippines,2006-02-14T22:04:37.000Z,2006-02-15T04:57:20.000Z
549,NELSON,CHRISTENSON,NELSON.CHRISTENSON@sakilacustomer.org,1,1764 Jalib al-Shuyukh Parkway,Galicia,77642,Santiago de Compostela,Spain,2006-02-14T22:04:37.000Z,2006-02-15T04:57:20.000Z
550,GUY,BROWNLEE,GUY.BROWNLEE@sakilacustomer.org,1,346 Cam Ranh Avenue,Zhejiang,39976,Zhoushan,China,2006-02-14T22:04:37.000Z,2006-02-15T04:57:20.000Z
551,CLAYTON,BARBEE,CLAYTON.BARBEE@sakilacustomer.org,1,1407 Pachuca de Soto Place,Rio Grande do Sul,26284,Alvorada,Brazil,2006-02-14T22:04:37.000Z,2006-02-15T04:57:20.000Z
552,HUGH,WALDROP,HUGH.WALDROP@sakilacustomer.org,1,904 Clarksville Drive,Zhejiang,52234,Haining,China,2006-02-14T22:04:37.000Z,2006-02-15T04:57:20.000Z
553,MAX,PITT,MAX.PITT@sakilacustomer.org,1,1917 Kumbakonam Parkway,Vojvodina,11892,Novi Sad,Yugoslavia,2006-02-14T22:04:37.000Z,2006-02-15T04:57:20.000Z
554,DWAYNE,OLVERA,DWAYNE.OLVERA@sakilacustomer.org,1,1447 Imus Place,Gujarat,12905,Rajkot,India,2006-02-14T22:04:37.000Z,2006-02-15T04:57:20.000Z
555,DWIGHT,LOMBARDI,DWIGHT.LOMBARDI@sakilacustomer.org,1,1497 Fengshan Drive,KwaZulu-Natal,63022,Chatsworth,South Africa,2006-02-14T22:04:37.000Z,2006-02-15T04:57:20.000Z
556,ARMANDO,GRUBER,ARMANDO.GRUBER@sakilacustomer.org,1,869 Shikarpur Way,England,57380,Southport,United Kingdom,2006-02-14T22:04:37.000Z,2006-02-15T04:57:20.000Z
557,FELIX,GAFFNEY,FELIX.GAFFNEY@sakilacustomer.org,1,1059 Yuncheng Avenue,Vilna,47498,Vilnius,Lithuania,2006-02-14T22:04:37.000Z,2006-02-15T04:57:20.000Z
558,JIMMIE,EGGLESTON,JIMMIE.EGGLESTON@sakilacustomer.org,0,505 Madiun Boulevard,Dolnoslaskie,97271,Wroclaw,Poland,2006-02-14T22:04:37.000Z,2006-02-15T04:57:20.000Z
559,EVERETT,BANDA,EVERETT.BANDA@sakilacustomer.org,1,1741 Hoshiarpur Boulevard,al-Sharqiya,22372,Bilbays,Egypt,2006-02-14T22:04:37.000Z,2006-02-15T04:57:20.000Z
560,JORDAN,ARCHULETA,JORDAN.ARCHULETA@sakilacustomer.org,1,1229 Varanasi (Benares) Manor,Buenos Aires,40195,Avellaneda,Argentina,2006-02-14T22:04:37.000Z,2006-02-15T04:57:20.000Z
561,IAN,STILL,IAN.STILL@sakilacustomer.org,1,1894 Boa Vista Way,Texas,77464,Garland,United States,2006-02-14T22:04:37.000Z,2006-02-15T04:57:20.000Z
562,WALLACE,SLONE,WALLACE.SLONE@sakilacustomer.org,1,1342 Sharja Way,Sokoto & Kebbi & Zam,93655,Sokoto,Nigeria,2006-02-14T22:04:37.000Z,2006-02-15T04:57:20.000Z
563,KEN,PREWITT,KEN.PREWITT@sakilacustomer.org,1,1342 Abha Boulevard,Bukarest,10714,Bucuresti,Romania,2006-02-14T22:04:37.000Z,2006-02-15T04:57:20.000Z
564,BOB,PFEIFFER,BOB.PFEIFFER@sakilacustomer.org,1,415 Pune Avenue,Shandong,44274,Xintai,China,2006-02-14T22:04:37.000Z,2006-02-15T04:57:20.000Z
565,JAIME,NETTLES,JAIME.NETTLES@sakilacustomer.org,1,1746 Faaa Way,Huánuco,32515,Huánuco,Peru,2006-02-14T22:04:37.000Z,2006-02-15T04:57:20.000Z
566,CASEY,MENA,CASEY.MENA@sakilacustomer.org,1,539 Hami Way,Tokat,52196,Tokat,Turkey,2006-02-14T22:04:37.000Z,2006-02-15T04:57:20.000Z
567,ALFREDO,MCADAMS,ALFREDO.MCADAMS@sakilacustomer.org,1,1407 Surakarta Manor,Moskova,33224,Serpuhov,Russian Federation,2006-02-14T22:04:37.000Z,2006-02-15T04:57:20.000Z
568,ALBERTO,HENNING,ALBERTO.HENNING@sakilacustomer.org,1,502 Mandi Bahauddin Parkway,Anzotegui,15992,Barcelona,Venezuela,2006-02-14T22:04:37.000Z,2006-02-15T04:57:20.000Z
569,DAVE,GARDINER,DAVE.GARDINER@sakilacustomer.org,1,1052 Pathankot Avenue,Sichuan,77397,Leshan,China,2006-02-14T22:04:37.000Z,2006-02-15T04:57:20.000Z
570,IVAN,CROMWELL,IVAN.CROMWELL@sakilacustomer.org,1,1351 Sousse Lane,Coahuila de Zaragoza,37815,Monclova,Mexico,2006-02-14T22:04:37.000Z,2006-02-15T04:57:20.000Z
571,JOHNNIE,CHISHOLM,JOHNNIE.CHISHOLM@sakilacustomer.org,1,1501 Pangkal Pinang Avenue,Mazowieckie,943,Plock,Poland,2006-02-14T22:04:37.000Z,2006-02-15T04:57:20.000Z
572,SIDNEY,BURLESON,SIDNEY.BURLESON@sakilacustomer.org,1,1405 Hagonoy Avenue,Slaskie,86587,Czestochowa,Poland,2006-02-14T22:04:37.000Z,2006-02-15T04:57:20.000Z
573,BYRON,BOX,BYRON.BOX@sakilacustomer.org,1,521 San Juan Bautista Tuxtepec Place,Qaraghandy,95093,Zhezqazghan,Kazakstan,2006-02-14T22:04:37.000Z,2006-02-15T04:57:20.000Z
574,JULIAN,VEST,JULIAN.VEST@sakilacustomer.org,1,923 Tangail Boulevard,Tokyo-to,33384,Akishima,Japan,2006-02-14T22:04:37.000Z,2006-02-15T04:57:20.000Z
575,ISAAC,OGLESBY,ISAAC.OGLESBY@sakilacustomer.org,1,186 Skikda Lane,Morelos,89422,Cuernavaca,Mexico,2006-02-14T22:04:37.000Z,2006-02-15T04:57:20.000Z
576,MORRIS,MCCARTER,MORRIS.MCCARTER@sakilacustomer.org,1,1568 Celaya Parkway,Kaohsiung,34750,Fengshan,Taiwan,2006-02-14T22:04:37.000Z,2006-02-15T04:57:20.000Z
577,CLIFTON,MALCOLM,CLIFTON.MALCOLM@sakilacustomer.org,1,1489 Kakamigahara Lane,Taipei,98883,Tanshui,Taiwan,2006-02-14T22:04:37.000Z,2006-02-15T04:57:20.000Z
578,WILLARD,LUMPKIN,WILLARD.LUMPKIN@sakilacustomer.org,1,1819 Alessandria Loop,Campeche,53829,Carmen,Mexico,2006-02-14T22:04:37.000Z,2006-02-15T04:57:20.000Z
579,DARYL,LARUE,DARYL.LARUE@sakilacustomer.org,1,1208 Tama Loop,Ninawa,73605,Mosul,Iraq,2006-02-14T22:04:37.000Z,2006-02-15T04:57:20.000Z
580,ROSS,GREY,ROSS.GREY@sakilacustomer.org,1,951 Springs Lane,Central Mindanao,96115,Iligan,Philippines,2006-02-14T22:04:37.000Z,2006-02-15T04:57:20.000Z
581,VIRGIL,WOFFORD,VIRGIL.WOFFORD@sakilacustomer.org,1,760 Miyakonojo Drive,Guerrero,64682,José Azueta,Mexico,2006-02-14T22:04:37.000Z,2006-02-15T04:57:20.000Z
582,ANDY,VANHORN,ANDY.VANHORN@sakilacustomer.org,1,966 Asunción Way,Hidalgo,62703,Huejutla de Reyes,Mexico,2006-02-14T22:04:37.000Z,2006-02-15T04:57:20.000Z
583,MARSHALL,THORN,MARSHALL.THORN@sakilacustomer.org,1,1584 Ljubertsy Lane,England,22954,Southampton,United Kingdom,2006-02-14T22:04:37.000Z,2006-02-15T04:57:20.000Z
584,SALVADOR,TEEL,SALVADOR.TEEL@sakilacustomer.org,1,247 Jining Parkway,Banjul,53446,Banjul,Gambia,2006-02-14T22:04:37.000Z,2006-02-15T04:57:20.000Z
585,PERRY,SWAFFORD,PERRY.SWAFFORD@sakilacustomer.org,1,773 Dallas Manor,Buenos Aires,12664,Quilmes,Argentina,2006-02-14T22:04:37.000Z,2006-02-15T04:57:20.000Z
586,KIRK,STCLAIR,KIRK.STCLAIR@sakilacustomer.org,1,1923 Stara Zagora Lane,Nantou,95179,Tsaotun,Taiwan,2006-02-14T22:04:37.000Z,2006-02-15T04:57:20.000Z
587,SERGIO,STANFIELD,SERGIO.STANFIELD@sakilacustomer.org,1,1402 Zanzibar Boulevard,Guanajuato,71102,Celaya,Mexico,2006-02-14T22:04:37.000Z,2006-02-15T04:57:20.000Z
588,MARION,OCAMPO,MARION.OCAMPO@sakilacustomer.org,1,1464 Kursk Parkway,Shandong,17381,Weifang,China,2006-02-14T22:04:37.000Z,2006-02-15T04:57:20.000Z
589,TRACY,HERRMANN,TRACY.HERRMANN@sakilacustomer.org,1,1074 Sanaa Parkway,Loja,22474,Loja,Ecuador,2006-02-14T22:04:37.000Z,2006-02-15T04:57:20.000Z
590,SETH,HANNON,SETH.HANNON@sakilacustomer.org,1,1759 Niznekamsk Avenue,al-Manama,39414,al-Manama,Bahrain,2006-02-14T22:04:37.000Z,2006-02-15T04:57:20.000Z
591,KENT,ARSENAULT,KENT.ARSENAULT@sakilacustomer.org,1,32 Liaocheng Way,Minas Gerais,1944,Juiz de Fora,Brazil,2006-02-14T22:04:37.000Z,2006-02-15T04:57:20.000Z
592,TERRANCE,ROUSH,TERRANCE.ROUSH@sakilacustomer.org,0,42 Fontana Avenue,Fejr,14684,Székesfehérvár,Hungary,2006-02-14T22:04:37.000Z,2006-02-15T04:57:20.000Z
593,RENE,MCALISTER,RENE.MCALISTER@sakilacustomer.org,1,1895 Zhezqazghan Drive,California,36693,Garden Grove,United States,2006-02-14T22:04:37.000Z,2006-02-15T04:57:20.000Z
594,EDUARDO,HIATT,EDUARDO.HIATT@sakilacustomer.org,1,1837 Kaduna Parkway,Inner Mongolia,82580,Jining,China,2006-02-14T22:04:37.000Z,2006-02-15T04:57:20.000Z
595,TERRENCE,GUNDERSON,TERRENCE.GUNDERSON@sakilacustomer.org,1,844 Bucuresti Place,Liaoning,36603,Jinzhou,China,2006-02-14T22:04:37.000Z,2006-02-15T04:57:20.000Z
596,ENRIQUE,FORSYTHE,ENRIQUE.FORSYTHE@sakilacustomer.org,1,1101 Bucuresti Boulevard,West Greece,97661,Patras,Greece,2006-02-14T22:04:37.000Z,2006-02-15T04:57:20.000Z
597,FREDDIE,DUGGAN,FREDDIE.DUGGAN@sakilacustomer.org,1,1103 Quilmes Boulevard,Piura,52137,Sullana,Peru,2006-02-14T22:04:37.000Z,2006-02-15T04:57:20.000Z
598,WADE,DELVALLE,WADE.DELVALLE@sakilacustomer.org,1,1331 Usak Boulevard,Vaud,61960,Lausanne,Switzerland,2006-02-14T22:04:37.000Z,2006-02-15T04:57:20.000Z
599,AUSTIN,CINTRON,AUSTIN.CINTRON@sakilacustomer.org,1,1325 Fukuyama Street,Heilongjiang,27107,Tieli,China,2006-02-14T22:04:37.000Z,2006-02-15T04:57:20.000Z
